﻿{
  "name": "Lattice",
  "cats": [
    {
      "name": "短咳",
      "chains": [
        {
          "name": "短咳",
          "nodes": [
            {
              "peaks": [
                426,
                41,
                105,
                66,
                86,
                25
              ]
            },
            {
              "peaks": [
                437,
                166,
                12,
                284,
                81,
                34
              ]
            },
            {
              "peaks": [
                283,
                342,
                435,
                57,
                81,
                35
              ]
            },
            {
              "peaks": [
                291,
                12,
                58,
                485,
                82,
                35
              ]
            },
            {
              "peaks": [
                58,
                12,
                339,
                81,
                485,
                35
              ]
            },
            {
              "peaks": [
                60,
                282,
                12,
                82,
                481,
                36
              ]
            },
            {
              "peaks": [
                167,
                437,
                49,
                25,
                37,
                481
              ]
            },
            {
              "peaks": [
                277,
                49,
                167,
                482,
                25,
                87
              ]
            },
            {
              "peaks": [
                234,
                277,
                50,
                170,
                31,
                87
              ]
            },
            {
              "peaks": [
                50,
                276,
                227,
                165,
                32,
                87
              ]
            },
            {
              "peaks": [
                50,
                230,
                165,
                276,
                32,
                87
              ]
            },
            {
              "peaks": [
                165,
                481,
                276,
                231,
                87,
                36
              ]
            },
            {
              "peaks": [
                166,
                283,
                49,
                481,
                87,
                35
              ]
            },
            {
              "peaks": [
                282,
                49,
                166,
                482,
                35,
                87
              ]
            },
            {
              "peaks": [
                277,
                49,
                482,
                166,
                34,
                87
              ]
            },
            {
              "peaks": [
                49,
                277,
                482,
                166,
                34,
                87
              ]
            },
            {
              "peaks": [
                227,
                166,
                277,
                47,
                32,
                87
              ]
            },
            {
              "peaks": [
                333,
                481,
                277,
                165,
                87,
                36
              ]
            },
            {
              "peaks": [
                481,
                12,
                166,
                329,
                85,
                35
              ]
            },
            {
              "peaks": [
                326,
                458,
                12,
                85,
                59,
                35
              ]
            },
            {
              "peaks": [
                168,
                458,
                12,
                59,
                83,
                36
              ]
            },
            {
              "peaks": [
                492,
                340,
                12,
                87,
                48,
                36
              ]
            },
            {
              "peaks": [
                61,
                493,
                12,
                335,
                88,
                37
              ]
            },
            {
              "peaks": [
                452,
                335,
                12,
                478,
                87,
                38
              ]
            },
            {
              "peaks": [
                234,
                84,
                491,
                477,
                49,
                25
              ]
            },
            {
              "peaks": [
                62,
                491,
                227,
                49,
                25,
                86
              ]
            },
            {
              "peaks": [
                62,
                167,
                25,
                49,
                227,
                86
              ]
            },
            {
              "peaks": [
                200,
                49,
                173,
                35,
                232,
                84
              ]
            },
            {
              "peaks": [
                12,
                179,
                204,
                229,
                36,
                84
              ]
            },
            {
              "peaks": [
                492,
                204,
                12,
                229,
                36,
                84
              ]
            },
            {
              "peaks": [
                167,
                479,
                12,
                229,
                36,
                84
              ]
            },
            {
              "peaks": [
                478,
                166,
                12,
                229,
                36,
                86
              ]
            },
            {
              "peaks": [
                478,
                12,
                166,
                232,
                36,
                85
              ]
            },
            {
              "peaks": [
                478,
                12,
                166,
                231,
                36,
                85
              ]
            },
            {
              "peaks": [
                478,
                12,
                166,
                229,
                36,
                85
              ]
            },
            {
              "peaks": [
                478,
                12,
                166,
                229,
                36,
                85
              ]
            },
            {
              "peaks": [
                478,
                167,
                12,
                229,
                36,
                85
              ]
            },
            {
              "peaks": [
                49,
                25,
                37,
                229,
                174,
                85
              ]
            },
            {
              "peaks": [
                196,
                12,
                233,
                174,
                81,
                34
              ]
            },
            {
              "peaks": [
                324,
                482,
                174,
                232,
                85,
                34
              ]
            },
            {
              "peaks": [
                277,
                332,
                231,
                85,
                48,
                35
              ]
            },
            {
              "peaks": [
                12,
                231,
                333,
                60,
                86,
                36
              ]
            },
            {
              "peaks": [
                230,
                60,
                12,
                334,
                86,
                36
              ]
            },
            {
              "peaks": [
                229,
                12,
                59,
                335,
                83,
                36
              ]
            },
            {
              "peaks": [
                473,
                59,
                48,
                485,
                36,
                83
              ]
            },
            {
              "peaks": [
                59,
                328,
                47,
                32,
                475,
                83
              ]
            },
            {
              "peaks": [
                277,
                475,
                47,
                491,
                35,
                82
              ]
            },
            {
              "peaks": [
                59,
                439,
                47,
                478,
                36,
                82
              ]
            },
            {
              "peaks": [
                446,
                226,
                86,
                59,
                477,
                36
              ]
            },
            {
              "peaks": [
                324,
                60,
                440,
                476,
                84,
                36
              ]
            },
            {
              "peaks": [
                229,
                59,
                482,
                440,
                87,
                35
              ]
            },
            {
              "peaks": [
                276,
                482,
                59,
                440,
                82,
                35
              ]
            },
            {
              "peaks": [
                173,
                443,
                491,
                59,
                83,
                36
              ]
            },
            {
              "peaks": [
                445,
                227,
                491,
                83,
                59,
                36
              ]
            },
            {
              "peaks": [
                227,
                445,
                490,
                82,
                59,
                35
              ]
            },
            {
              "peaks": [
                227,
                443,
                483,
                85,
                58,
                35
              ]
            },
            {
              "peaks": [
                483,
                494,
                447,
                57,
                82,
                34
              ]
            },
            {
              "peaks": [
                174,
                477,
                447,
                57,
                83,
                34
              ]
            },
            {
              "peaks": [
                477,
                490,
                172,
                59,
                82,
                33
              ]
            },
            {
              "peaks": [
                209,
                162,
                491,
                83,
                58,
                33
              ]
            },
            {
              "peaks": [
                198,
                162,
                490,
                57,
                83,
                32
              ]
            },
            {
              "peaks": [
                445,
                483,
                199,
                167,
                83,
                32
              ]
            },
            {
              "peaks": [
                447,
                477,
                59,
                166,
                83,
                35
              ]
            },
            {
              "peaks": [
                477,
                447,
                166,
                59,
                83,
                35
              ]
            },
            {
              "peaks": [
                491,
                447,
                166,
                58,
                83,
                35
              ]
            },
            {
              "peaks": [
                446,
                491,
                167,
                58,
                83,
                35
              ]
            },
            {
              "peaks": [
                11,
                446,
                491,
                59,
                83,
                34
              ]
            },
            {
              "peaks": [
                166,
                446,
                491,
                59,
                83,
                34
              ]
            },
            {
              "peaks": [
                446,
                491,
                166,
                59,
                83,
                34
              ]
            },
            {
              "peaks": [
                446,
                491,
                166,
                59,
                83,
                34
              ]
            },
            {
              "peaks": [
                12,
                491,
                166,
                59,
                83,
                34
              ]
            },
            {
              "peaks": [
                12,
                491,
                166,
                59,
                83,
                34
              ]
            },
            {
              "peaks": [
                12,
                491,
                166,
                59,
                83,
                34
              ]
            },
            {
              "peaks": [
                12,
                491,
                167,
                59,
                83,
                34
              ]
            },
            {
              "peaks": [
                12,
                481,
                167,
                59,
                83,
                34
              ]
            },
            {
              "peaks": [
                12,
                481,
                167,
                59,
                83,
                34
              ]
            },
            {
              "peaks": [
                12,
                481,
                167,
                59,
                83,
                34
              ]
            },
            {
              "peaks": [
                12,
                481,
                167,
                59,
                83,
                34
              ]
            },
            {
              "peaks": [
                12,
                481,
                167,
                59,
                83,
                34
              ]
            },
            {
              "peaks": [
                11,
                481,
                167,
                59,
                83,
                34
              ]
            }
          ]
        },
        {
          "name": "短咳",
          "nodes": [
            {
              "peaks": [
                23,
                170,
                41,
                487,
                198,
                83
              ]
            },
            {
              "peaks": [
                481,
                24,
                48,
                197,
                169,
                84
              ]
            },
            {
              "peaks": [
                197,
                489,
                46,
                23,
                169,
                83
              ]
            },
            {
              "peaks": [
                290,
                197,
                488,
                169,
                33,
                83
              ]
            },
            {
              "peaks": [
                439,
                287,
                486,
                169,
                83,
                35
              ]
            },
            {
              "peaks": [
                171,
                438,
                284,
                87,
                488,
                35
              ]
            },
            {
              "peaks": [
                168,
                88,
                437,
                284,
                488,
                35
              ]
            },
            {
              "peaks": [
                437,
                83,
                47,
                480,
                492,
                31
              ]
            },
            {
              "peaks": [
                47,
                493,
                481,
                165,
                85,
                33
              ]
            },
            {
              "peaks": [
                204,
                188,
                481,
                170,
                83,
                33
              ]
            },
            {
              "peaks": [
                488,
                47,
                188,
                32,
                87,
                165
              ]
            },
            {
              "peaks": [
                47,
                202,
                35,
                188,
                88,
                165
              ]
            },
            {
              "peaks": [
                47,
                200,
                189,
                88,
                34,
                166
              ]
            },
            {
              "peaks": [
                47,
                218,
                84,
                199,
                165,
                34
              ]
            },
            {
              "peaks": [
                47,
                83,
                35,
                221,
                200,
                167
              ]
            },
            {
              "peaks": [
                189,
                201,
                88,
                222,
                34,
                171
              ]
            },
            {
              "peaks": [
                488,
                194,
                222,
                87,
                171,
                34
              ]
            },
            {
              "peaks": [
                199,
                11,
                283,
                168,
                87,
                35
              ]
            },
            {
              "peaks": [
                447,
                170,
                12,
                282,
                87,
                36
              ]
            },
            {
              "peaks": [
                281,
                83,
                12,
                344,
                164,
                36
              ]
            },
            {
              "peaks": [
                277,
                60,
                343,
                84,
                163,
                36
              ]
            },
            {
              "peaks": [
                13,
                171,
                342,
                92,
                61,
                37
              ]
            },
            {
              "peaks": [
                491,
                82,
                13,
                171,
                25,
                38
              ]
            },
            {
              "peaks": [
                189,
                13,
                165,
                88,
                33,
                49
              ]
            },
            {
              "peaks": [
                211,
                197,
                32,
                167,
                50,
                88
              ]
            },
            {
              "peaks": [
                343,
                50,
                199,
                36,
                88,
                166
              ]
            },
            {
              "peaks": [
                60,
                343,
                198,
                87,
                36,
                167
              ]
            },
            {
              "peaks": [
                282,
                343,
                12,
                82,
                167,
                36
              ]
            },
            {
              "peaks": [
                200,
                12,
                165,
                88,
                48,
                36
              ]
            },
            {
              "peaks": [
                12,
                199,
                87,
                48,
                166,
                35
              ]
            },
            {
              "peaks": [
                12,
                199,
                48,
                87,
                166,
                35
              ]
            },
            {
              "peaks": [
                12,
                199,
                48,
                87,
                166,
                35
              ]
            },
            {
              "peaks": [
                12,
                199,
                48,
                87,
                166,
                35
              ]
            },
            {
              "peaks": [
                12,
                199,
                48,
                87,
                166,
                35
              ]
            },
            {
              "peaks": [
                12,
                199,
                48,
                87,
                166,
                35
              ]
            },
            {
              "peaks": [
                12,
                199,
                48,
                87,
                166,
                35
              ]
            },
            {
              "peaks": [
                12,
                199,
                49,
                88,
                166,
                35
              ]
            },
            {
              "peaks": [
                227,
                198,
                337,
                46,
                84,
                166
              ]
            },
            {
              "peaks": [
                282,
                199,
                336,
                85,
                166,
                36
              ]
            },
            {
              "peaks": [
                341,
                12,
                53,
                91,
                166,
                38
              ]
            },
            {
              "peaks": [
                282,
                13,
                166,
                38,
                50,
                89
              ]
            },
            {
              "peaks": [
                404,
                172,
                12,
                282,
                89,
                49
              ]
            },
            {
              "peaks": [
                89,
                333,
                283,
                13,
                174,
                50
              ]
            },
            {
              "peaks": [
                203,
                88,
                333,
                12,
                173,
                50
              ]
            },
            {
              "peaks": [
                397,
                334,
                13,
                89,
                38,
                50
              ]
            },
            {
              "peaks": [
                398,
                339,
                282,
                89,
                13,
                50
              ]
            },
            {
              "peaks": [
                63,
                339,
                91,
                177,
                13,
                50
              ]
            },
            {
              "peaks": [
                492,
                346,
                13,
                82,
                38,
                50
              ]
            },
            {
              "peaks": [
                332,
                375,
                13,
                82,
                51,
                38
              ]
            },
            {
              "peaks": [
                376,
                83,
                13,
                63,
                38,
                51
              ]
            },
            {
              "peaks": [
                166,
                88,
                12,
                62,
                50,
                37
              ]
            },
            {
              "peaks": [
                166,
                12,
                87,
                50,
                62,
                37
              ]
            },
            {
              "peaks": [
                173,
                12,
                86,
                49,
                62,
                37
              ]
            },
            {
              "peaks": [
                166,
                12,
                226,
                85,
                61,
                37
              ]
            },
            {
              "peaks": [
                166,
                189,
                225,
                84,
                51,
                36
              ]
            },
            {
              "peaks": [
                166,
                13,
                224,
                89,
                50,
                35
              ]
            },
            {
              "peaks": [
                166,
                224,
                85,
                13,
                50,
                35
              ]
            },
            {
              "peaks": [
                334,
                166,
                82,
                13,
                50,
                35
              ]
            },
            {
              "peaks": [
                167,
                185,
                12,
                82,
                50,
                33
              ]
            },
            {
              "peaks": [
                343,
                181,
                13,
                81,
                50,
                33
              ]
            },
            {
              "peaks": [
                180,
                13,
                86,
                62,
                50,
                34
              ]
            },
            {
              "peaks": [
                167,
                13,
                86,
                62,
                50,
                33
              ]
            },
            {
              "peaks": [
                225,
                88,
                13,
                62,
                50,
                33
              ]
            },
            {
              "peaks": [
                225,
                85,
                13,
                62,
                50,
                36
              ]
            },
            {
              "peaks": [
                180,
                13,
                82,
                62,
                50,
                32
              ]
            },
            {
              "peaks": [
                170,
                199,
                62,
                84,
                50,
                37
              ]
            },
            {
              "peaks": [
                166,
                62,
                203,
                50,
                38,
                84
              ]
            },
            {
              "peaks": [
                171,
                203,
                62,
                50,
                83,
                35
              ]
            },
            {
              "peaks": [
                170,
                203,
                62,
                50,
                85,
                37
              ]
            },
            {
              "peaks": [
                12,
                171,
                62,
                85,
                49,
                35
              ]
            },
            {
              "peaks": [
                226,
                12,
                168,
                88,
                62,
                36
              ]
            },
            {
              "peaks": [
                167,
                189,
                203,
                12,
                87,
                35
              ]
            },
            {
              "peaks": [
                225,
                190,
                203,
                12,
                85,
                35
              ]
            },
            {
              "peaks": [
                190,
                12,
                203,
                50,
                84,
                34
              ]
            },
            {
              "peaks": [
                12,
                202,
                168,
                50,
                84,
                34
              ]
            },
            {
              "peaks": [
                190,
                202,
                168,
                50,
                84,
                34
              ]
            },
            {
              "peaks": [
                190,
                202,
                168,
                50,
                84,
                34
              ]
            },
            {
              "peaks": [
                12,
                202,
                168,
                50,
                84,
                34
              ]
            },
            {
              "peaks": [
                12,
                202,
                168,
                50,
                84,
                34
              ]
            },
            {
              "peaks": [
                190,
                12,
                202,
                168,
                84,
                34
              ]
            }
          ]
        },
        {
          "name": "短咳",
          "nodes": [
            {
              "peaks": [
                38,
                451,
                196,
                210,
                169,
                182
              ]
            },
            {
              "peaks": [
                225,
                210,
                197,
                168,
                180,
                88
              ]
            },
            {
              "peaks": [
                197,
                168,
                225,
                180,
                34,
                88
              ]
            },
            {
              "peaks": [
                210,
                197,
                224,
                177,
                45,
                88
              ]
            },
            {
              "peaks": [
                285,
                178,
                223,
                33,
                85,
                47
              ]
            },
            {
              "peaks": [
                338,
                196,
                210,
                24,
                85,
                47
              ]
            },
            {
              "peaks": [
                168,
                225,
                210,
                182,
                82,
                47
              ]
            },
            {
              "peaks": [
                203,
                95,
                83,
                179,
                48,
                35
              ]
            },
            {
              "peaks": [
                227,
                166,
                202,
                35,
                88,
                179
              ]
            },
            {
              "peaks": [
                46,
                35,
                224,
                201,
                89,
                178
              ]
            },
            {
              "peaks": [
                161,
                200,
                47,
                226,
                89,
                179
              ]
            },
            {
              "peaks": [
                489,
                203,
                85,
                182,
                47,
                226
              ]
            },
            {
              "peaks": [
                167,
                178,
                226,
                33,
                86,
                47
              ]
            },
            {
              "peaks": [
                338,
                225,
                202,
                85,
                178,
                47
              ]
            },
            {
              "peaks": [
                453,
                225,
                90,
                47,
                187,
                175
              ]
            },
            {
              "peaks": [
                344,
                48,
                198,
                88,
                34,
                176
              ]
            },
            {
              "peaks": [
                229,
                53,
                198,
                176,
                90,
                36
              ]
            },
            {
              "peaks": [
                12,
                225,
                51,
                179,
                91,
                36
              ]
            },
            {
              "peaks": [
                225,
                12,
                88,
                180,
                49,
                36
              ]
            },
            {
              "peaks": [
                225,
                179,
                12,
                167,
                37,
                49
              ]
            },
            {
              "peaks": [
                278,
                178,
                13,
                90,
                38,
                49
              ]
            },
            {
              "peaks": [
                198,
                179,
                13,
                336,
                90,
                38
              ]
            },
            {
              "peaks": [
                176,
                13,
                90,
                343,
                26,
                38
              ]
            },
            {
              "peaks": [
                176,
                13,
                335,
                52,
                92,
                36
              ]
            },
            {
              "peaks": [
                483,
                167,
                179,
                48,
                37,
                89
              ]
            },
            {
              "peaks": [
                481,
                166,
                178,
                49,
                37,
                89
              ]
            },
            {
              "peaks": [
                198,
                13,
                178,
                49,
                37,
                89
              ]
            },
            {
              "peaks": [
                198,
                92,
                13,
                175,
                49,
                37
              ]
            },
            {
              "peaks": [
                336,
                13,
                177,
                49,
                90,
                37
              ]
            },
            {
              "peaks": [
                336,
                13,
                178,
                49,
                37,
                90
              ]
            },
            {
              "peaks": [
                336,
                13,
                178,
                49,
                37,
                89
              ]
            },
            {
              "peaks": [
                336,
                13,
                178,
                49,
                37,
                89
              ]
            },
            {
              "peaks": [
                336,
                13,
                178,
                49,
                37,
                89
              ]
            },
            {
              "peaks": [
                336,
                13,
                178,
                49,
                37,
                89
              ]
            },
            {
              "peaks": [
                336,
                13,
                178,
                49,
                37,
                89
              ]
            },
            {
              "peaks": [
                336,
                13,
                178,
                49,
                37,
                89
              ]
            },
            {
              "peaks": [
                336,
                13,
                178,
                49,
                37,
                89
              ]
            },
            {
              "peaks": [
                336,
                13,
                178,
                49,
                37,
                90
              ]
            },
            {
              "peaks": [
                336,
                205,
                13,
                185,
                89,
                35
              ]
            },
            {
              "peaks": [
                223,
                336,
                204,
                184,
                93,
                34
              ]
            },
            {
              "peaks": [
                230,
                331,
                178,
                343,
                89,
                36
              ]
            },
            {
              "peaks": [
                183,
                12,
                344,
                62,
                85,
                37
              ]
            },
            {
              "peaks": [
                339,
                13,
                86,
                62,
                49,
                37
              ]
            },
            {
              "peaks": [
                12,
                339,
                62,
                87,
                49,
                37
              ]
            },
            {
              "peaks": [
                339,
                435,
                12,
                49,
                89,
                37
              ]
            },
            {
              "peaks": [
                12,
                436,
                342,
                61,
                89,
                36
              ]
            },
            {
              "peaks": [
                180,
                436,
                12,
                341,
                60,
                36
              ]
            },
            {
              "peaks": [
                341,
                447,
                84,
                60,
                48,
                36
              ]
            },
            {
              "peaks": [
                447,
                459,
                89,
                48,
                60,
                36
              ]
            },
            {
              "peaks": [
                345,
                447,
                189,
                84,
                60,
                36
              ]
            },
            {
              "peaks": [
                336,
                451,
                180,
                60,
                84,
                36
              ]
            },
            {
              "peaks": [
                336,
                452,
                180,
                60,
                85,
                36
              ]
            },
            {
              "peaks": [
                452,
                202,
                225,
                59,
                84,
                36
              ]
            },
            {
              "peaks": [
                328,
                226,
                202,
                59,
                84,
                36
              ]
            },
            {
              "peaks": [
                203,
                227,
                328,
                60,
                35,
                84
              ]
            },
            {
              "peaks": [
                341,
                451,
                329,
                59,
                35,
                84
              ]
            },
            {
              "peaks": [
                342,
                13,
                179,
                61,
                83,
                34
              ]
            },
            {
              "peaks": [
                12,
                180,
                224,
                61,
                83,
                34
              ]
            },
            {
              "peaks": [
                342,
                12,
                179,
                60,
                83,
                34
              ]
            },
            {
              "peaks": [
                342,
                180,
                12,
                60,
                81,
                33
              ]
            },
            {
              "peaks": [
                342,
                227,
                12,
                183,
                84,
                36
              ]
            },
            {
              "peaks": [
                189,
                13,
                226,
                60,
                89,
                36
              ]
            },
            {
              "peaks": [
                13,
                226,
                182,
                85,
                60,
                36
              ]
            },
            {
              "peaks": [
                224,
                451,
                13,
                60,
                85,
                36
              ]
            },
            {
              "peaks": [
                203,
                12,
                182,
                60,
                83,
                37
              ]
            },
            {
              "peaks": [
                451,
                12,
                181,
                60,
                83,
                36
              ]
            },
            {
              "peaks": [
                226,
                12,
                181,
                60,
                83,
                36
              ]
            },
            {
              "peaks": [
                451,
                226,
                181,
                60,
                82,
                36
              ]
            },
            {
              "peaks": [
                202,
                226,
                181,
                60,
                83,
                36
              ]
            },
            {
              "peaks": [
                202,
                12,
                181,
                60,
                83,
                36
              ]
            },
            {
              "peaks": [
                12,
                225,
                181,
                60,
                84,
                36
              ]
            },
            {
              "peaks": [
                12,
                226,
                181,
                60,
                84,
                36
              ]
            },
            {
              "peaks": [
                12,
                226,
                181,
                60,
                84,
                36
              ]
            },
            {
              "peaks": [
                12,
                226,
                181,
                60,
                84,
                35
              ]
            },
            {
              "peaks": [
                341,
                203,
                226,
                180,
                84,
                35
              ]
            },
            {
              "peaks": [
                341,
                201,
                226,
                181,
                84,
                35
              ]
            },
            {
              "peaks": [
                341,
                11,
                226,
                181,
                84,
                35
              ]
            },
            {
              "peaks": [
                201,
                11,
                226,
                181,
                84,
                35
              ]
            },
            {
              "peaks": [
                335,
                167,
                226,
                181,
                84,
                35
              ]
            },
            {
              "peaks": [
                167,
                201,
                226,
                181,
                84,
                35
              ]
            }
          ]
        },
        {
          "name": "短咳",
          "nodes": [
            {
              "peaks": [
                135,
                448,
                477,
                35,
                86,
                192
              ]
            },
            {
              "peaks": [
                477,
                488,
                48,
                34,
                178,
                88
              ]
            },
            {
              "peaks": [
                492,
                191,
                179,
                35,
                47,
                90
              ]
            },
            {
              "peaks": [
                480,
                496,
                179,
                89,
                36,
                47
              ]
            },
            {
              "peaks": [
                285,
                12,
                451,
                89,
                36,
                49
              ]
            },
            {
              "peaks": [
                199,
                451,
                168,
                34,
                87,
                49
              ]
            },
            {
              "peaks": [
                189,
                200,
                168,
                86,
                48,
                33
              ]
            },
            {
              "peaks": [
                169,
                196,
                185,
                49,
                83,
                33
              ]
            },
            {
              "peaks": [
                227,
                48,
                83,
                196,
                183,
                33
              ]
            },
            {
              "peaks": [
                492,
                88,
                196,
                183,
                48,
                33
              ]
            },
            {
              "peaks": [
                196,
                167,
                183,
                35,
                88,
                48
              ]
            },
            {
              "peaks": [
                492,
                451,
                179,
                88,
                34,
                48
              ]
            },
            {
              "peaks": [
                451,
                197,
                179,
                88,
                48,
                33
              ]
            },
            {
              "peaks": [
                451,
                197,
                181,
                88,
                48,
                33
              ]
            },
            {
              "peaks": [
                451,
                224,
                38,
                89,
                165,
                177
              ]
            },
            {
              "peaks": [
                451,
                226,
                90,
                165,
                177,
                36
              ]
            },
            {
              "peaks": [
                227,
                13,
                90,
                165,
                177,
                37
              ]
            },
            {
              "peaks": [
                13,
                276,
                64,
                163,
                51,
                38
              ]
            },
            {
              "peaks": [
                276,
                163,
                13,
                64,
                51,
                38
              ]
            },
            {
              "peaks": [
                81,
                13,
                65,
                167,
                93,
                40
              ]
            },
            {
              "peaks": [
                67,
                167,
                13,
                94,
                81,
                40
              ]
            },
            {
              "peaks": [
                13,
                203,
                172,
                53,
                92,
                39
              ]
            },
            {
              "peaks": [
                342,
                199,
                52,
                35,
                91,
                171
              ]
            },
            {
              "peaks": [
                13,
                221,
                200,
                35,
                86,
                170
              ]
            },
            {
              "peaks": [
                64,
                13,
                200,
                86,
                39,
                170
              ]
            },
            {
              "peaks": [
                191,
                13,
                178,
                167,
                91,
                39
              ]
            },
            {
              "peaks": [
                226,
                199,
                13,
                168,
                91,
                39
              ]
            },
            {
              "peaks": [
                226,
                13,
                199,
                91,
                170,
                39
              ]
            },
            {
              "peaks": [
                227,
                13,
                200,
                91,
                170,
                39
              ]
            },
            {
              "peaks": [
                227,
                13,
                200,
                91,
                170,
                39
              ]
            },
            {
              "peaks": [
                227,
                13,
                200,
                91,
                170,
                39
              ]
            },
            {
              "peaks": [
                227,
                13,
                200,
                91,
                170,
                39
              ]
            },
            {
              "peaks": [
                227,
                13,
                200,
                91,
                170,
                39
              ]
            },
            {
              "peaks": [
                227,
                13,
                200,
                91,
                170,
                39
              ]
            },
            {
              "peaks": [
                227,
                13,
                200,
                91,
                170,
                39
              ]
            },
            {
              "peaks": [
                221,
                13,
                200,
                91,
                170,
                39
              ]
            },
            {
              "peaks": [
                220,
                13,
                200,
                91,
                170,
                38
              ]
            },
            {
              "peaks": [
                105,
                204,
                167,
                89,
                36,
                182
              ]
            },
            {
              "peaks": [
                204,
                50,
                166,
                182,
                89,
                36
              ]
            },
            {
              "peaks": [
                332,
                12,
                62,
                182,
                89,
                36
              ]
            },
            {
              "peaks": [
                334,
                12,
                170,
                49,
                89,
                37
              ]
            },
            {
              "peaks": [
                225,
                12,
                182,
                170,
                82,
                49
              ]
            },
            {
              "peaks": [
                228,
                166,
                12,
                182,
                89,
                48
              ]
            },
            {
              "peaks": [
                400,
                12,
                228,
                182,
                89,
                48
              ]
            },
            {
              "peaks": [
                193,
                225,
                169,
                63,
                89,
                48
              ]
            },
            {
              "peaks": [
                227,
                169,
                89,
                188,
                36,
                49
              ]
            },
            {
              "peaks": [
                189,
                169,
                201,
                89,
                36,
                48
              ]
            },
            {
              "peaks": [
                200,
                169,
                182,
                89,
                35,
                48
              ]
            },
            {
              "peaks": [
                197,
                224,
                182,
                83,
                47,
                35
              ]
            },
            {
              "peaks": [
                201,
                224,
                187,
                89,
                49,
                35
              ]
            },
            {
              "peaks": [
                224,
                170,
                89,
                188,
                49,
                34
              ]
            },
            {
              "peaks": [
                13,
                63,
                80,
                182,
                48,
                35
              ]
            },
            {
              "peaks": [
                196,
                181,
                63,
                85,
                49,
                34
              ]
            },
            {
              "peaks": [
                199,
                62,
                184,
                85,
                48,
                34
              ]
            },
            {
              "peaks": [
                224,
                62,
                185,
                86,
                48,
                34
              ]
            },
            {
              "peaks": [
                225,
                169,
                188,
                86,
                49,
                37
              ]
            },
            {
              "peaks": [
                167,
                225,
                182,
                89,
                49,
                37
              ]
            },
            {
              "peaks": [
                225,
                65,
                181,
                89,
                49,
                37
              ]
            },
            {
              "peaks": [
                201,
                227,
                187,
                48,
                83,
                36
              ]
            },
            {
              "peaks": [
                227,
                61,
                187,
                48,
                83,
                35
              ]
            },
            {
              "peaks": [
                201,
                75,
                187,
                88,
                47,
                34
              ]
            },
            {
              "peaks": [
                398,
                452,
                225,
                183,
                89,
                34
              ]
            },
            {
              "peaks": [
                397,
                488,
                225,
                187,
                87,
                45
              ]
            },
            {
              "peaks": [
                13,
                227,
                201,
                187,
                35,
                88
              ]
            },
            {
              "peaks": [
                164,
                200,
                182,
                45,
                32,
                89
              ]
            },
            {
              "peaks": [
                12,
                224,
                201,
                182,
                89,
                36
              ]
            },
            {
              "peaks": [
                102,
                225,
                62,
                183,
                81,
                34
              ]
            },
            {
              "peaks": [
                195,
                62,
                182,
                48,
                88,
                34
              ]
            },
            {
              "peaks": [
                188,
                205,
                20,
                85,
                48,
                37
              ]
            },
            {
              "peaks": [
                164,
                225,
                187,
                61,
                89,
                36
              ]
            },
            {
              "peaks": [
                224,
                164,
                61,
                183,
                88,
                36
              ]
            },
            {
              "peaks": [
                397,
                165,
                228,
                183,
                87,
                35
              ]
            },
            {
              "peaks": [
                11,
                166,
                227,
                183,
                85,
                35
              ]
            },
            {
              "peaks": [
                106,
                166,
                227,
                183,
                86,
                35
              ]
            },
            {
              "peaks": [
                396,
                167,
                227,
                183,
                84,
                35
              ]
            },
            {
              "peaks": [
                396,
                167,
                227,
                183,
                85,
                35
              ]
            },
            {
              "peaks": [
                396,
                167,
                227,
                183,
                89,
                34
              ]
            },
            {
              "peaks": [
                396,
                167,
                227,
                184,
                84,
                34
              ]
            },
            {
              "peaks": [
                167,
                199,
                227,
                183,
                89,
                34
              ]
            },
            {
              "peaks": [
                396,
                167,
                227,
                183,
                89,
                34
              ]
            }
          ]
        },
        {
          "name": "短咳",
          "nodes": [
            {
              "peaks": [
                447,
                232,
                191,
                89,
                34,
                481
              ]
            },
            {
              "peaks": [
                190,
                477,
                488,
                51,
                39,
                89
              ]
            },
            {
              "peaks": [
                177,
                189,
                477,
                488,
                33,
                89
              ]
            },
            {
              "peaks": [
                276,
                485,
                336,
                21,
                43,
                89
              ]
            },
            {
              "peaks": [
                477,
                494,
                335,
                22,
                89,
                45
              ]
            },
            {
              "peaks": [
                180,
                450,
                336,
                478,
                90,
                46
              ]
            },
            {
              "peaks": [
                180,
                484,
                192,
                88,
                34,
                45
              ]
            },
            {
              "peaks": [
                229,
                451,
                187,
                492,
                94,
                34
              ]
            },
            {
              "peaks": [
                492,
                451,
                92,
                176,
                187,
                35
              ]
            },
            {
              "peaks": [
                477,
                22,
                89,
                227,
                35,
                188
              ]
            },
            {
              "peaks": [
                477,
                227,
                33,
                88,
                178,
                45
              ]
            },
            {
              "peaks": [
                451,
                336,
                478,
                45,
                33,
                89
              ]
            },
            {
              "peaks": [
                451,
                490,
                478,
                188,
                34,
                89
              ]
            },
            {
              "peaks": [
                228,
                490,
                478,
                188,
                34,
                89
              ]
            },
            {
              "peaks": [
                491,
                478,
                228,
                188,
                34,
                89
              ]
            },
            {
              "peaks": [
                491,
                478,
                228,
                188,
                34,
                89
              ]
            },
            {
              "peaks": [
                491,
                478,
                228,
                188,
                34,
                89
              ]
            },
            {
              "peaks": [
                492,
                478,
                228,
                188,
                34,
                89
              ]
            },
            {
              "peaks": [
                477,
                225,
                63,
                169,
                91,
                36
              ]
            },
            {
              "peaks": [
                195,
                224,
                62,
                170,
                90,
                34
              ]
            },
            {
              "peaks": [
                436,
                12,
                174,
                94,
                36,
                48
              ]
            },
            {
              "peaks": [
                435,
                163,
                13,
                89,
                50,
                38
              ]
            },
            {
              "peaks": [
                474,
                172,
                65,
                13,
                91,
                39
              ]
            },
            {
              "peaks": [
                52,
                172,
                26,
                13,
                92,
                39
              ]
            },
            {
              "peaks": [
                172,
                65,
                90,
                13,
                26,
                49
              ]
            },
            {
              "peaks": [
                274,
                171,
                13,
                49,
                85,
                35
              ]
            },
            {
              "peaks": [
                224,
                469,
                171,
                50,
                85,
                35
              ]
            },
            {
              "peaks": [
                468,
                65,
                164,
                13,
                85,
                35
              ]
            },
            {
              "peaks": [
                225,
                65,
                171,
                13,
                89,
                39
              ]
            },
            {
              "peaks": [
                225,
                65,
                171,
                13,
                90,
                39
              ]
            },
            {
              "peaks": [
                225,
                64,
                171,
                13,
                90,
                37
              ]
            },
            {
              "peaks": [
                225,
                64,
                171,
                13,
                90,
                36
              ]
            },
            {
              "peaks": [
                225,
                64,
                171,
                13,
                90,
                36
              ]
            },
            {
              "peaks": [
                225,
                64,
                171,
                13,
                90,
                35
              ]
            },
            {
              "peaks": [
                225,
                64,
                171,
                13,
                90,
                35
              ]
            },
            {
              "peaks": [
                225,
                64,
                171,
                13,
                90,
                36
              ]
            },
            {
              "peaks": [
                225,
                64,
                171,
                13,
                90,
                36
              ]
            },
            {
              "peaks": [
                225,
                64,
                171,
                13,
                91,
                36
              ]
            },
            {
              "peaks": [
                13,
                195,
                180,
                60,
                37,
                86
              ]
            },
            {
              "peaks": [
                161,
                223,
                182,
                61,
                90,
                35
              ]
            },
            {
              "peaks": [
                168,
                222,
                50,
                182,
                89,
                36
              ]
            },
            {
              "peaks": [
                222,
                13,
                168,
                181,
                89,
                38
              ]
            },
            {
              "peaks": [
                168,
                13,
                51,
                182,
                89,
                38
              ]
            },
            {
              "peaks": [
                181,
                345,
                278,
                92,
                13,
                39
              ]
            },
            {
              "peaks": [
                278,
                344,
                90,
                13,
                51,
                39
              ]
            },
            {
              "peaks": [
                345,
                182,
                221,
                88,
                13,
                39
              ]
            },
            {
              "peaks": [
                200,
                13,
                180,
                90,
                51,
                38
              ]
            },
            {
              "peaks": [
                13,
                225,
                182,
                88,
                37,
                50
              ]
            },
            {
              "peaks": [
                12,
                87,
                221,
                181,
                38,
                50
              ]
            },
            {
              "peaks": [
                12,
                221,
                87,
                181,
                37,
                49
              ]
            },
            {
              "peaks": [
                12,
                222,
                188,
                62,
                50,
                38
              ]
            },
            {
              "peaks": [
                99,
                190,
                82,
                63,
                50,
                38
              ]
            },
            {
              "peaks": [
                12,
                190,
                65,
                89,
                37,
                50
              ]
            },
            {
              "peaks": [
                224,
                387,
                12,
                62,
                90,
                37
              ]
            },
            {
              "peaks": [
                193,
                12,
                182,
                91,
                50,
                37
              ]
            },
            {
              "peaks": [
                105,
                203,
                184,
                90,
                47,
                36
              ]
            },
            {
              "peaks": [
                202,
                187,
                64,
                87,
                36,
                48
              ]
            },
            {
              "peaks": [
                222,
                202,
                190,
                64,
                87,
                41
              ]
            },
            {
              "peaks": [
                222,
                13,
                68,
                189,
                33,
                91
              ]
            },
            {
              "peaks": [
                222,
                13,
                182,
                63,
                90,
                39
              ]
            },
            {
              "peaks": [
                221,
                13,
                183,
                47,
                88,
                35
              ]
            },
            {
              "peaks": [
                220,
                434,
                13,
                188,
                42,
                81
              ]
            },
            {
              "peaks": [
                168,
                198,
                183,
                13,
                90,
                42
              ]
            },
            {
              "peaks": [
                12,
                184,
                200,
                65,
                42,
                89
              ]
            },
            {
              "peaks": [
                166,
                202,
                179,
                64,
                90,
                42
              ]
            },
            {
              "peaks": [
                201,
                190,
                179,
                64,
                90,
                42
              ]
            },
            {
              "peaks": [
                213,
                115,
                163,
                199,
                89,
                40
              ]
            },
            {
              "peaks": [
                163,
                182,
                199,
                63,
                41,
                89
              ]
            },
            {
              "peaks": [
                13,
                168,
                182,
                62,
                89,
                39
              ]
            },
            {
              "peaks": [
                165,
                198,
                183,
                62,
                91,
                42
              ]
            },
            {
              "peaks": [
                13,
                223,
                183,
                62,
                90,
                42
              ]
            },
            {
              "peaks": [
                223,
                201,
                174,
                65,
                89,
                41
              ]
            },
            {
              "peaks": [
                200,
                189,
                166,
                64,
                89,
                41
              ]
            },
            {
              "peaks": [
                189,
                176,
                165,
                63,
                88,
                40
              ]
            },
            {
              "peaks": [
                224,
                164,
                200,
                63,
                88,
                40
              ]
            },
            {
              "peaks": [
                183,
                203,
                167,
                63,
                88,
                41
              ]
            },
            {
              "peaks": [
                224,
                183,
                167,
                63,
                88,
                41
              ]
            },
            {
              "peaks": [
                208,
                167,
                189,
                63,
                89,
                41
              ]
            },
            {
              "peaks": [
                166,
                201,
                189,
                63,
                89,
                41
              ]
            },
            {
              "peaks": [
                223,
                165,
                180,
                63,
                38,
                89
              ]
            }
          ]
        }
      ]
    }
  ]
}