<?xml version="1.0" encoding="UTF-8"?>
<project-private xmlns="http://www.netbeans.org/ns/project-private/1">
    <editor-bookmarks xmlns="http://www.netbeans.org/ns/editor-bookmarks/1"/>
    <editor-bookmarks xmlns="http://www.netbeans.org/ns/editor-bookmarks/2" lastBookmarkId="0"/>
    <open-files xmlns="http://www.netbeans.org/ns/projectui-open-files/2">
        <group>
            <file>file:/D:/Proj/Student/Env2306/src/Core/Node.java</file>
            <file>file:/D:/Proj/Student/Env2306/src/Core/Share.java</file>
            <file>file:/D:/Proj/Student/Env2306/src/cclo/DiscreteFourierTransform.java</file>
            <file>file:/D:/Proj/Student/Env2306/src/Core/Chain.java</file>
            <file>file:/D:/Proj/Student/Env2306/src/cclo/TraceFrame.java</file>
            <file>file:/D:/Proj/Student/Env2306/src/cclo/ControlPan.java</file>
        </group>
    </open-files>
</project-private>
