﻿{
"records":[
    {
        "sitename": "屏東(枋山)",
        "county": "屏東縣",
        "aqi": "42",
        "pollutant": "",
        "status": "良好",
        "so2": "0.1",
        "co": "0.11",
        "o3": "18.5",
        "o3_8hr": "45.1",
        "pm10": "7",
        "pm2.5": "5",
        "no2": "2.4",
        "nox": "2.8",
        "no": "0.4",
        "wind_speed": "2.4",
        "wind_direc": "97",
        "publishtime": "2023/10/10 22:00:00",
        "co_8hr": "0.1",
        "pm2.5_avg": "9.9",
        "pm10_avg": "19",
        "so2_avg": "0",
        "longitude": "120.651472",
        "latitude": "22.260899",
        "siteid": "313"
    },
    {
        "sitename": "新北(樹林)",
        "county": "新北市",
        "aqi": "30",
        "pollutant": "",
        "status": "良好",
        "so2": "0",
        "co": "0.3",
        "o3": "36.4",
        "o3_8hr": "32.9",
        "pm10": "15",
        "pm2.5": "7",
        "no2": "11.4",
        "nox": "13.6",
        "no": "2.2",
        "wind_speed": "0.9",
        "wind_direc": "128",
        "publishtime": "2023/10/10 22:00:00",
        "co_8hr": "0.3",
        "pm2.5_avg": "8.7",
        "pm10_avg": "13",
        "so2_avg": "0",
        "longitude": "121.38352778",
        "latitude": "24.94902778",
        "siteid": "311"
    },
    {
        "sitename": "臺中(大甲)",
        "county": "臺中市",
        "aqi": "37",
        "pollutant": "",
        "status": "良好",
        "so2": "0.5",
        "co": "0.21",
        "o3": "39.9",
        "o3_8hr": "40.7",
        "pm10": "11",
        "pm2.5": "5",
        "no2": "",
        "nox": "",
        "no": "",
        "wind_speed": "2.6",
        "wind_direc": "41",
        "publishtime": "2023/10/10 22:00:00",
        "co_8hr": "0.2",
        "pm2.5_avg": "6.9",
        "pm10_avg": "15",
        "so2_avg": "0",
        "longitude": "120.65575",
        "latitude": "24.391",
        "siteid": "310"
    },
    {
        "sitename": "屏東(琉球)",
        "county": "屏東縣",
        "aqi": "63",
        "pollutant": "細懸浮微粒",
        "status": "普通",
        "so2": "0.8",
        "co": "0.13",
        "o3": "47.5",
        "o3_8hr": "54",
        "pm10": "33",
        "pm2.5": "19",
        "no2": "2.3",
        "nox": "2.7",
        "no": "0.3",
        "wind_speed": "1.2",
        "wind_direc": "272",
        "publishtime": "2023/10/10 22:00:00",
        "co_8hr": "0.1",
        "pm2.5_avg": "20.3",
        "pm10_avg": "35",
        "so2_avg": "1",
        "longitude": "120.37722",
        "latitude": "22.35222",
        "siteid": "204"
    },
    {
        "sitename": "臺南(麻豆)",
        "county": "臺南市",
        "aqi": "42",
        "pollutant": "",
        "status": "良好",
        "so2": "1.6",
        "co": "0.26",
        "o3": "27.2",
        "o3_8hr": "45.2",
        "pm10": "41",
        "pm2.5": "13",
        "no2": "8",
        "nox": "8.7",
        "no": "0.7",
        "wind_speed": "1.1",
        "wind_direc": "3",
        "publishtime": "2023/10/10 22:00:00",
        "co_8hr": "0.2",
        "pm2.5_avg": "12.8",
        "pm10_avg": "41",
        "so2_avg": "",
        "longitude": "120.24583056",
        "latitude": "23.17904722",
        "siteid": "203"
    },
    {
        "sitename": "高雄(湖內)",
        "county": "高雄市",
        "aqi": "52",
        "pollutant": "細懸浮微粒",
        "status": "普通",
        "so2": "0.9",
        "co": "0.28",
        "o3": "30.3",
        "o3_8hr": "44.9",
        "pm10": "43",
        "pm2.5": "19",
        "no2": "8",
        "nox": "8.8",
        "no": "0.8",
        "wind_speed": "0.6",
        "wind_direc": "67",
        "publishtime": "2023/10/10 22:00:00",
        "co_8hr": "0.2",
        "pm2.5_avg": "15.9",
        "pm10_avg": "39",
        "so2_avg": "0",
        "longitude": "120.24535",
        "latitude": "22.87985556",
        "siteid": "202"
    },
    {
        "sitename": "彰化(員林)",
        "county": "彰化縣",
        "aqi": "32",
        "pollutant": "",
        "status": "良好",
        "so2": "1.4",
        "co": "0.34",
        "o3": "21.5",
        "o3_8hr": "35.4",
        "pm10": "23",
        "pm2.5": "7",
        "no2": "11.1",
        "nox": "12.5",
        "no": "1.4",
        "wind_speed": "0.3",
        "wind_direc": "343",
        "publishtime": "2023/10/10 22:00:00",
        "co_8hr": "0.3",
        "pm2.5_avg": "9.4",
        "pm10_avg": "27",
        "so2_avg": "1",
        "longitude": "120.56373",
        "latitude": "23.96117",
        "siteid": "201"
    },
    {
        "sitename": "大城",
        "county": "彰化縣",
        "aqi": "43",
        "pollutant": "",
        "status": "良好",
        "so2": "0.7",
        "co": "0.16",
        "o3": "40",
        "o3_8hr": "46.6",
        "pm10": "27",
        "pm2.5": "9",
        "no2": "3.2",
        "nox": "4",
        "no": "0.8",
        "wind_speed": "5.6",
        "wind_direc": "46",
        "publishtime": "2023/10/10 22:00:00",
        "co_8hr": "0.1",
        "pm2.5_avg": "8.5",
        "pm10_avg": "27",
        "so2_avg": "0",
        "longitude": "120.26964167",
        "latitude": "23.85493056",
        "siteid": "85"
    },
    {
        "sitename": "富貴角",
        "county": "新北市",
        "aqi": "50",
        "pollutant": "",
        "status": "良好",
        "so2": "0.3",
        "co": "0.17",
        "o3": "62.6",
        "o3_8hr": "54.9",
        "pm10": "52",
        "pm2.5": "14",
        "no2": "0.3",
        "nox": "0.3",
        "no": "0",
        "wind_speed": "8.7",
        "wind_direc": "54",
        "publishtime": "2023/10/10 22:00:00",
        "co_8hr": "0.1",
        "pm2.5_avg": "10.2",
        "pm10_avg": "43",
        "so2_avg": "0",
        "longitude": "121.53656894",
        "latitude": "25.29681695",
        "siteid": "84"
    },
    {
        "sitename": "麥寮",
        "county": "雲林縣",
        "aqi": "41",
        "pollutant": "",
        "status": "良好",
        "so2": "1.2",
        "co": "0.2",
        "o3": "36.4",
        "o3_8hr": "44.9",
        "pm10": "23",
        "pm2.5": "6",
        "no2": "4.6",
        "nox": "5.1",
        "no": "0.5",
        "wind_speed": "3.8",
        "wind_direc": "1",
        "publishtime": "2023/10/10 22:00:00",
        "co_8hr": "0.1",
        "pm2.5_avg": "7.6",
        "pm10_avg": "28",
        "so2_avg": "1",
        "longitude": "120.251825",
        "latitude": "23.753506",
        "siteid": "83"
    },
    {
        "sitename": "關山",
        "county": "臺東縣",
        "aqi": "27",
        "pollutant": "",
        "status": "良好",
        "so2": "1",
        "co": "0.17",
        "o3": "23.3",
        "o3_8hr": "29.7",
        "pm10": "5",
        "pm2.5": "4",
        "no2": "2.3",
        "nox": "2.7",
        "no": "0.4",
        "wind_speed": "1.2",
        "wind_direc": "40",
        "publishtime": "2023/10/10 22:00:00",
        "co_8hr": "0.1",
        "pm2.5_avg": "",
        "pm10_avg": "5",
        "so2_avg": "0",
        "longitude": "121.161933",
        "latitude": "23.045083",
        "siteid": "80"
    },
    {
        "sitename": "馬公",
        "county": "澎湖縣",
        "aqi": "45",
        "pollutant": "",
        "status": "良好",
        "so2": "0.2",
        "co": "0.16",
        "o3": "50.1",
        "o3_8hr": "49.8",
        "pm10": "24",
        "pm2.5": "10",
        "no2": "1.4",
        "nox": "2",
        "no": "0.5",
        "wind_speed": "7.8",
        "wind_direc": "28",
        "publishtime": "2023/10/10 22:00:00",
        "co_8hr": "0.1",
        "pm2.5_avg": "8.5",
        "pm10_avg": "19",
        "so2_avg": "0",
        "longitude": "119.566158",
        "latitude": "23.569031",
        "siteid": "78"
    },
    {
        "sitename": "金門",
        "county": "金門縣",
        "aqi": "49",
        "pollutant": "",
        "status": "良好",
        "so2": "1.1",
        "co": "0.37",
        "o3": "49.7",
        "o3_8hr": "53.4",
        "pm10": "24",
        "pm2.5": "14",
        "no2": "6.8",
        "nox": "7.1",
        "no": "0.3",
        "wind_speed": "2.3",
        "wind_direc": "37",
        "publishtime": "2023/10/10 22:00:00",
        "co_8hr": "0.3",
        "pm2.5_avg": "14.2",
        "pm10_avg": "23",
        "so2_avg": "0",
        "longitude": "118.312256",
        "latitude": "24.432133",
        "siteid": "77"
    },
    {
        "sitename": "馬祖",
        "county": "連江縣",
        "aqi": "71",
        "pollutant": "臭氧八小時",
        "status": "普通",
        "so2": "0.7",
        "co": "0.3",
        "o3": "59.1",
        "o3_8hr": "61.1",
        "pm10": "34",
        "pm2.5": "22",
        "no2": "3",
        "nox": "3.6",
        "no": "0.6",
        "wind_speed": "2.4",
        "wind_direc": "355",
        "publishtime": "2023/10/10 22:00:00",
        "co_8hr": "0.3",
        "pm2.5_avg": "23.3",
        "pm10_avg": "36",
        "so2_avg": "0",
        "longitude": "119.93149378",
        "latitude": "26.15188416",
        "siteid": "75"
    },
    {
        "sitename": "埔里",
        "county": "南投縣",
        "aqi": "38",
        "pollutant": "",
        "status": "良好",
        "so2": "0.9",
        "co": "0.31",
        "o3": "30.1",
        "o3_8hr": "41.6",
        "pm10": "29",
        "pm2.5": "14",
        "no2": "5.4",
        "nox": "6",
        "no": "0.6",
        "wind_speed": "1.1",
        "wind_direc": "295",
        "publishtime": "2023/10/10 22:00:00",
        "co_8hr": "0.2",
        "pm2.5_avg": "11.2",
        "pm10_avg": "23",
        "so2_avg": "0",
        "longitude": "120.967903",
        "latitude": "23.968842",
        "siteid": "72"
    },
    {
        "sitename": "復興",
        "county": "高雄市",
        "aqi": "53",
        "pollutant": "細懸浮微粒",
        "status": "普通",
        "so2": "0.9",
        "co": "0.25",
        "o3": "42.2",
        "o3_8hr": "40.4",
        "pm10": "33",
        "pm2.5": "9",
        "no2": "9.6",
        "nox": "10.9",
        "no": "1.2",
        "wind_speed": "0.5",
        "wind_direc": "232",
        "publishtime": "2023/10/10 22:00:00",
        "co_8hr": "0.2",
        "pm2.5_avg": "16.2",
        "pm10_avg": "33",
        "so2_avg": "1",
        "longitude": "120.312017",
        "latitude": "22.608711",
        "siteid": "71"
    },
    {
        "sitename": "永和",
        "county": "新北市",
        "aqi": "40",
        "pollutant": "",
        "status": "良好",
        "so2": "0.1",
        "co": "0.37",
        "o3": "36.3",
        "o3_8hr": "34.3",
        "pm10": "22",
        "pm2.5": "12",
        "no2": "10.3",
        "nox": "12.2",
        "no": "1.8",
        "wind_speed": "1.1",
        "wind_direc": "110",
        "publishtime": "2023/10/10 22:00:00",
        "co_8hr": "0.3",
        "pm2.5_avg": "12.2",
        "pm10_avg": "16",
        "so2_avg": "0",
        "longitude": "121.516306",
        "latitude": "25.017",
        "siteid": "70"
    },
    {
        "sitename": "竹山",
        "county": "南投縣",
        "aqi": "58",
        "pollutant": "細懸浮微粒",
        "status": "普通",
        "so2": "0.9",
        "co": "0.3",
        "o3": "21.6",
        "o3_8hr": "44.6",
        "pm10": "23",
        "pm2.5": "12",
        "no2": "10.4",
        "nox": "10.9",
        "no": "0.5",
        "wind_speed": "0.8",
        "wind_direc": "16",
        "publishtime": "2023/10/10 22:00:00",
        "co_8hr": "0.2",
        "pm2.5_avg": "18.2",
        "pm10_avg": "35",
        "so2_avg": "0",
        "longitude": "120.677306",
        "latitude": "23.756389",
        "siteid": "69"
    },
    {
        "sitename": "中壢",
        "county": "桃園市",
        "aqi": "27",
        "pollutant": "",
        "status": "良好",
        "so2": "1.1",
        "co": "0.61",
        "o3": "30.8",
        "o3_8hr": "25.5",
        "pm10": "17",
        "pm2.5": "7",
        "no2": "16.2",
        "nox": "24.1",
        "no": "7.8",
        "wind_speed": "0.8",
        "wind_direc": "320",
        "publishtime": "2023/10/10 22:00:00",
        "co_8hr": "0.6",
        "pm2.5_avg": "7.9",
        "pm10_avg": "16",
        "so2_avg": "0",
        "longitude": "121.221667",
        "latitude": "24.953278",
        "siteid": "68"
    },
    {
        "sitename": "三重",
        "county": "新北市",
        "aqi": "42",
        "pollutant": "",
        "status": "良好",
        "so2": "0.4",
        "co": "0.77",
        "o3": "22.8",
        "o3_8hr": "19.4",
        "pm10": "17",
        "pm2.5": "10",
        "no2": "25.6",
        "nox": "48.4",
        "no": "22.7",
        "wind_speed": "-",
        "wind_direc": "-",
        "publishtime": "2023/10/10 22:00:00",
        "co_8hr": "0.9",
        "pm2.5_avg": "7.2",
        "pm10_avg": "16",
        "so2_avg": "0",
        "longitude": "121.493806",
        "latitude": "25.072611",
        "siteid": "67"
    },
    {
        "sitename": "冬山",
        "county": "宜蘭縣",
        "aqi": "41",
        "pollutant": "",
        "status": "良好",
        "so2": "0.7",
        "co": "0.18",
        "o3": "47.1",
        "o3_8hr": "44.3",
        "pm10": "10",
        "pm2.5": "3",
        "no2": "1.7",
        "nox": "2.3",
        "no": "0.6",
        "wind_speed": "0.8",
        "wind_direc": "188",
        "publishtime": "2023/10/10 22:00:00",
        "co_8hr": "0.1",
        "pm2.5_avg": "3.5",
        "pm10_avg": "12",
        "so2_avg": "0",
        "longitude": "121.792928",
        "latitude": "24.632203",
        "siteid": "66"
    },
    {
        "sitename": "宜蘭",
        "county": "宜蘭縣",
        "aqi": "41",
        "pollutant": "",
        "status": "良好",
        "so2": "0.6",
        "co": "0.15",
        "o3": "45",
        "o3_8hr": "44",
        "pm10": "16",
        "pm2.5": "9",
        "no2": "2.1",
        "nox": "2.5",
        "no": "0.4",
        "wind_speed": "2.6",
        "wind_direc": "51",
        "publishtime": "2023/10/10 22:00:00",
        "co_8hr": "0.1",
        "pm2.5_avg": "6.9",
        "pm10_avg": "17",
        "so2_avg": "0",
        "longitude": "121.746394",
        "latitude": "24.747917",
        "siteid": "65"
    },
    {
        "sitename": "陽明",
        "county": "臺北市",
        "aqi": "44",
        "pollutant": "",
        "status": "良好",
        "so2": "0.2",
        "co": "0.19",
        "o3": "51.7",
        "o3_8hr": "48",
        "pm10": "7",
        "pm2.5": "",
        "no2": "0.4",
        "nox": "1.1",
        "no": "0.6",
        "wind_speed": "",
        "wind_direc": "",
        "publishtime": "2023/10/10 22:00:00",
        "co_8hr": "0.1",
        "pm2.5_avg": "",
        "pm10_avg": "2",
        "so2_avg": "0",
        "longitude": "121.529583",
        "latitude": "25.182722",
        "siteid": "64"
    },
    {
        "sitename": "花蓮",
        "county": "花蓮縣",
        "aqi": "31",
        "pollutant": "",
        "status": "良好",
        "so2": "0.8",
        "co": "0.34",
        "o3": "19.3",
        "o3_8hr": "33.6",
        "pm10": "4",
        "pm2.5": "1",
        "no2": "16.2",
        "nox": "16.8",
        "no": "0.6",
        "wind_speed": "1",
        "wind_direc": "345",
        "publishtime": "2023/10/10 22:00:00",
        "co_8hr": "0.2",
        "pm2.5_avg": "2.6",
        "pm10_avg": "7",
        "so2_avg": "0",
        "longitude": "121.599769",
        "latitude": "23.971306",
        "siteid": "63"
    },
    {
        "sitename": "臺東",
        "county": "臺東縣",
        "aqi": "25",
        "pollutant": "",
        "status": "良好",
        "so2": "0.3",
        "co": "0.18",
        "o3": "26.6",
        "o3_8hr": "27.4",
        "pm10": "8",
        "pm2.5": "3",
        "no2": "3.7",
        "nox": "5",
        "no": "1.3",
        "wind_speed": "1",
        "wind_direc": "325",
        "publishtime": "2023/10/10 22:00:00",
        "co_8hr": "0.1",
        "pm2.5_avg": "2.4",
        "pm10_avg": "11",
        "so2_avg": "0",
        "longitude": "121.15045",
        "latitude": "22.755358",
        "siteid": "62"
    },
    {
        "sitename": "恆春",
        "county": "屏東縣",
        "aqi": "",
        "pollutant": "",
        "status": "",
        "so2": "",
        "co": "",
        "o3": "",
        "o3_8hr": "",
        "pm10": "",
        "pm2.5": "",
        "no2": "",
        "nox": "",
        "no": "",
        "wind_speed": "",
        "wind_direc": "",
        "publishtime": "2023/10/10 22:00:00",
        "co_8hr": "",
        "pm2.5_avg": "",
        "pm10_avg": "",
        "so2_avg": "",
        "longitude": "120.788928",
        "latitude": "21.958069",
        "siteid": "61"
    },
    {
        "sitename": "潮州",
        "county": "屏東縣",
        "aqi": "60",
        "pollutant": "細懸浮微粒",
        "status": "普通",
        "so2": "1.5",
        "co": "0.31",
        "o3": "28.4",
        "o3_8hr": "41.8",
        "pm10": "30",
        "pm2.5": "23",
        "no2": "4.7",
        "nox": "5.4",
        "no": "0.7",
        "wind_speed": "1",
        "wind_direc": "135",
        "publishtime": "2023/10/10 22:00:00",
        "co_8hr": "0.2",
        "pm2.5_avg": "19.1",
        "pm10_avg": "26",
        "so2_avg": "1",
        "longitude": "120.561175",
        "latitude": "22.523108",
        "siteid": "60"
    },
    {
        "sitename": "屏東",
        "county": "屏東縣",
        "aqi": "44",
        "pollutant": "",
        "status": "良好",
        "so2": "1.6",
        "co": "0.37",
        "o3": "34.3",
        "o3_8hr": "48.6",
        "pm10": "27",
        "pm2.5": "",
        "no2": "7.8",
        "nox": "8.4",
        "no": "0.5",
        "wind_speed": "1.2",
        "wind_direc": "121",
        "publishtime": "2023/10/10 22:00:00",
        "co_8hr": "0.3",
        "pm2.5_avg": "",
        "pm10_avg": "31",
        "so2_avg": "1",
        "longitude": "120.488033",
        "latitude": "22.673081",
        "siteid": "59"
    },
    {
        "sitename": "小港",
        "county": "高雄市",
        "aqi": "51",
        "pollutant": "細懸浮微粒",
        "status": "普通",
        "so2": "1.6",
        "co": "0.2",
        "o3": "41.3",
        "o3_8hr": "51.7",
        "pm10": "37",
        "pm2.5": "16",
        "no2": "12.3",
        "nox": "12.8",
        "no": "0.5",
        "wind_speed": "1.9",
        "wind_direc": "283",
        "publishtime": "2023/10/10 22:00:00",
        "co_8hr": "0.2",
        "pm2.5_avg": "15.5",
        "pm10_avg": "34",
        "so2_avg": "2",
        "longitude": "120.337736",
        "latitude": "22.565833",
        "siteid": "58"
    },
    {
        "sitename": "前鎮",
        "county": "高雄市",
        "aqi": "53",
        "pollutant": "細懸浮微粒",
        "status": "普通",
        "so2": "2.1",
        "co": "0.25",
        "o3": "42.2",
        "o3_8hr": "32.1",
        "pm10": "43",
        "pm2.5": "12",
        "no2": "10.2",
        "nox": "11.4",
        "no": "1.1",
        "wind_speed": "0.9",
        "wind_direc": "32",
        "publishtime": "2023/10/10 22:00:00",
        "co_8hr": "0.2",
        "pm2.5_avg": "16.2",
        "pm10_avg": "37",
        "so2_avg": "2",
        "longitude": "120.30833356",
        "latitude": "22.6044507",
        "siteid": "57"
    },
    {
        "sitename": "前金",
        "county": "高雄市",
        "aqi": "49",
        "pollutant": "",
        "status": "良好",
        "so2": "1.2",
        "co": "0.22",
        "o3": "46.4",
        "o3_8hr": "53.6",
        "pm10": "37",
        "pm2.5": "7",
        "no2": "4.6",
        "nox": "5.5",
        "no": "0.8",
        "wind_speed": "0.7",
        "wind_direc": "225",
        "publishtime": "2023/10/10 22:00:00",
        "co_8hr": "0.2",
        "pm2.5_avg": "13.7",
        "pm10_avg": "38",
        "so2_avg": "1",
        "longitude": "120.28676111",
        "latitude": "22.63390278",
        "siteid": "56"
    },
    {
        "sitename": "左營",
        "county": "高雄市",
        "aqi": "59",
        "pollutant": "細懸浮微粒",
        "status": "普通",
        "so2": "1.2",
        "co": "0.2",
        "o3": "44.5",
        "o3_8hr": "57.1",
        "pm10": "46",
        "pm2.5": "15",
        "no2": "5",
        "nox": "5.5",
        "no": "0.5",
        "wind_speed": "1.4",
        "wind_direc": "279",
        "publishtime": "2023/10/10 22:00:00",
        "co_8hr": "0.2",
        "pm2.5_avg": "18.8",
        "pm10_avg": "39",
        "so2_avg": "1",
        "longitude": "120.292917",
        "latitude": "22.674861",
        "siteid": "54"
    },
    {
        "sitename": "楠梓",
        "county": "高雄市",
        "aqi": "49",
        "pollutant": "",
        "status": "良好",
        "so2": "1.1",
        "co": "0.21",
        "o3": "45.8",
        "o3_8hr": "53.9",
        "pm10": "31",
        "pm2.5": "10",
        "no2": "7.1",
        "nox": "8.5",
        "no": "1.4",
        "wind_speed": "1",
        "wind_direc": "276",
        "publishtime": "2023/10/10 22:00:00",
        "co_8hr": "0.2",
        "pm2.5_avg": "13.8",
        "pm10_avg": "35",
        "so2_avg": "1",
        "longitude": "120.328289",
        "latitude": "22.733667",
        "siteid": "53"
    },
    {
        "sitename": "林園",
        "county": "高雄市",
        "aqi": "54",
        "pollutant": "臭氧八小時",
        "status": "普通",
        "so2": "1.2",
        "co": "0.19",
        "o3": "49.1",
        "o3_8hr": "56.6",
        "pm10": "33",
        "pm2.5": "14",
        "no2": "3.6",
        "nox": "4.3",
        "no": "0.7",
        "wind_speed": "0.9",
        "wind_direc": "286",
        "publishtime": "2023/10/10 22:00:00",
        "co_8hr": "0.2",
        "pm2.5_avg": "16",
        "pm10_avg": "35",
        "so2_avg": "1",
        "longitude": "120.41175",
        "latitude": "22.4795",
        "siteid": "52"
    },
    {
        "sitename": "大寮",
        "county": "高雄市",
        "aqi": "57",
        "pollutant": "細懸浮微粒",
        "status": "普通",
        "so2": "1.1",
        "co": "0.25",
        "o3": "30.8",
        "o3_8hr": "43.3",
        "pm10": "33",
        "pm2.5": "15",
        "no2": "9.1",
        "nox": "9.9",
        "no": "0.8",
        "wind_speed": "1.7",
        "wind_direc": "105",
        "publishtime": "2023/10/10 22:00:00",
        "co_8hr": "0.2",
        "pm2.5_avg": "17.9",
        "pm10_avg": "39",
        "so2_avg": "2",
        "longitude": "120.425311",
        "latitude": "22.56413611",
        "siteid": "51"
    },
    {
        "sitename": "鳳山",
        "county": "高雄市",
        "aqi": "44",
        "pollutant": "",
        "status": "良好",
        "so2": "0.8",
        "co": "0.44",
        "o3": "38.1",
        "o3_8hr": "42.4",
        "pm10": "34",
        "pm2.5": "12",
        "no2": "11.2",
        "nox": "13",
        "no": "1.8",
        "wind_speed": "0.6",
        "wind_direc": "255",
        "publishtime": "2023/10/10 22:00:00",
        "co_8hr": "0.5",
        "pm2.5_avg": "13.4",
        "pm10_avg": "31",
        "so2_avg": "0",
        "longitude": "120.357422",
        "latitude": "22.628126",
        "siteid": "50"
    },
    {
        "sitename": "仁武",
        "county": "高雄市",
        "aqi": "54",
        "pollutant": "臭氧八小時",
        "status": "普通",
        "so2": "1",
        "co": "0.21",
        "o3": "47.7",
        "o3_8hr": "56.6",
        "pm10": "32",
        "pm2.5": "10",
        "no2": "6",
        "nox": "6.8",
        "no": "0.7",
        "wind_speed": "1.7",
        "wind_direc": "286",
        "publishtime": "2023/10/10 22:00:00",
        "co_8hr": "0.2",
        "pm2.5_avg": "13.9",
        "pm10_avg": "31",
        "so2_avg": "1",
        "longitude": "120.332631",
        "latitude": "22.689056",
        "siteid": "49"
    },
    {
        "sitename": "橋頭",
        "county": "高雄市",
        "aqi": "50",
        "pollutant": "",
        "status": "良好",
        "so2": "1.1",
        "co": "0.2",
        "o3": "43.7",
        "o3_8hr": "54.7",
        "pm10": "37",
        "pm2.5": "11",
        "no2": "4.6",
        "nox": "5.1",
        "no": "0.4",
        "wind_speed": "1.2",
        "wind_direc": "249",
        "publishtime": "2023/10/10 22:00:00",
        "co_8hr": "0.2",
        "pm2.5_avg": "14.8",
        "pm10_avg": "36",
        "so2_avg": "1",
        "longitude": "120.305689",
        "latitude": "22.757506",
        "siteid": "48"
    },
    {
        "sitename": "美濃",
        "county": "高雄市",
        "aqi": "57",
        "pollutant": "細懸浮微粒",
        "status": "普通",
        "so2": "0.4",
        "co": "0.26",
        "o3": "37.4",
        "o3_8hr": "52.7",
        "pm10": "31",
        "pm2.5": "19",
        "no2": "3.9",
        "nox": "4.9",
        "no": "1",
        "wind_speed": "0.7",
        "wind_direc": "51",
        "publishtime": "2023/10/10 22:00:00",
        "co_8hr": "0.2",
        "pm2.5_avg": "18",
        "pm10_avg": "30",
        "so2_avg": "0",
        "longitude": "120.530542",
        "latitude": "22.883583",
        "siteid": "47"
    },
    {
        "sitename": "臺南",
        "county": "臺南市",
        "aqi": "54",
        "pollutant": "細懸浮微粒",
        "status": "普通",
        "so2": "0.6",
        "co": "0.43",
        "o3": "33.1",
        "o3_8hr": "49",
        "pm10": "29",
        "pm2.5": "16",
        "no2": "10",
        "nox": "10.1",
        "no": "0",
        "wind_speed": "0.2",
        "wind_direc": "21",
        "publishtime": "2023/10/10 22:00:00",
        "co_8hr": "0.3",
        "pm2.5_avg": "16.7",
        "pm10_avg": "38",
        "so2_avg": "0",
        "longitude": "120.22085",
        "latitude": "22.99123",
        "siteid": "46"
    },
    {
        "sitename": "安南",
        "county": "臺南市",
        "aqi": "51",
        "pollutant": "細懸浮微粒",
        "status": "普通",
        "so2": "0.6",
        "co": "0.24",
        "o3": "34.1",
        "o3_8hr": "48.8",
        "pm10": "34",
        "pm2.5": "12",
        "no2": "5.6",
        "nox": "5.9",
        "no": "0.2",
        "wind_speed": "0.8",
        "wind_direc": "305",
        "publishtime": "2023/10/10 22:00:00",
        "co_8hr": "0.2",
        "pm2.5_avg": "15.6",
        "pm10_avg": "38",
        "so2_avg": "0",
        "longitude": "120.2175",
        "latitude": "23.048197",
        "siteid": "45"
    },
    {
        "sitename": "善化",
        "county": "臺南市",
        "aqi": "49",
        "pollutant": "",
        "status": "良好",
        "so2": "1.4",
        "co": "0.22",
        "o3": "30.8",
        "o3_8hr": "48.4",
        "pm10": "32",
        "pm2.5": "13",
        "no2": "6.4",
        "nox": "8.1",
        "no": "1.6",
        "wind_speed": "0.9",
        "wind_direc": "274",
        "publishtime": "2023/10/10 22:00:00",
        "co_8hr": "0.2",
        "pm2.5_avg": "15.2",
        "pm10_avg": "29",
        "so2_avg": "1",
        "longitude": "120.29740529",
        "latitude": "23.11337642",
        "siteid": "44"
    },
    {
        "sitename": "新營",
        "county": "臺南市",
        "aqi": "46",
        "pollutant": "",
        "status": "良好",
        "so2": "2.3",
        "co": "0.33",
        "o3": "24.7",
        "o3_8hr": "45.3",
        "pm10": "39",
        "pm2.5": "18",
        "no2": "9.9",
        "nox": "11.3",
        "no": "1.4",
        "wind_speed": "1.8",
        "wind_direc": "20",
        "publishtime": "2023/10/10 22:00:00",
        "co_8hr": "0.2",
        "pm2.5_avg": "14.3",
        "pm10_avg": "39",
        "so2_avg": "1",
        "longitude": "120.31725",
        "latitude": "23.305633",
        "siteid": "43"
    },
    {
        "sitename": "嘉義",
        "county": "嘉義市",
        "aqi": "62",
        "pollutant": "細懸浮微粒",
        "status": "普通",
        "so2": "2.1",
        "co": "0.34",
        "o3": "24.8",
        "o3_8hr": "45.1",
        "pm10": "35",
        "pm2.5": "18",
        "no2": "12.6",
        "nox": "13.7",
        "no": "1.1",
        "wind_speed": "2.1",
        "wind_direc": "313",
        "publishtime": "2023/10/10 22:00:00",
        "co_8hr": "0.3",
        "pm2.5_avg": "20.1",
        "pm10_avg": "42",
        "so2_avg": "1",
        "longitude": "120.44125148",
        "latitude": "23.46477865",
        "siteid": "42"
    },
    {
        "sitename": "臺西",
        "county": "雲林縣",
        "aqi": "41",
        "pollutant": "",
        "status": "良好",
        "so2": "0.2",
        "co": "0.19",
        "o3": "38.4",
        "o3_8hr": "44.6",
        "pm10": "27",
        "pm2.5": "7",
        "no2": "3.7",
        "nox": "4.7",
        "no": "1",
        "wind_speed": "5.7",
        "wind_direc": "22",
        "publishtime": "2023/10/10 22:00:00",
        "co_8hr": "0.1",
        "pm2.5_avg": "7.2",
        "pm10_avg": "29",
        "so2_avg": "1",
        "longitude": "120.19933333",
        "latitude": "23.702175",
        "siteid": "41"
    },
    {
        "sitename": "朴子",
        "county": "嘉義縣",
        "aqi": "40",
        "pollutant": "",
        "status": "良好",
        "so2": "1.8",
        "co": "0.34",
        "o3": "26.2",
        "o3_8hr": "43.7",
        "pm10": "39",
        "pm2.5": "8",
        "no2": "9",
        "nox": "9",
        "no": "0",
        "wind_speed": "1.2",
        "wind_direc": "0",
        "publishtime": "2023/10/10 22:00:00",
        "co_8hr": "0.2",
        "pm2.5_avg": "11.8",
        "pm10_avg": "35",
        "so2_avg": "0",
        "longitude": "120.2478",
        "latitude": "23.46538",
        "siteid": "40"
    },
    {
        "sitename": "新港",
        "county": "嘉義縣",
        "aqi": "43",
        "pollutant": "",
        "status": "良好",
        "so2": "2.3",
        "co": "0.28",
        "o3": "26.9",
        "o3_8hr": "43.7",
        "pm10": "35",
        "pm2.5": "13",
        "no2": "9",
        "nox": "9.5",
        "no": "0.5",
        "wind_speed": "1.9",
        "wind_direc": "349",
        "publishtime": "2023/10/10 22:00:00",
        "co_8hr": "0.2",
        "pm2.5_avg": "13.2",
        "pm10_avg": "40",
        "so2_avg": "1",
        "longitude": "120.345531",
        "latitude": "23.554839",
        "siteid": "39"
    },
    {
        "sitename": "崙背",
        "county": "雲林縣",
        "aqi": "39",
        "pollutant": "",
        "status": "良好",
        "so2": "1.5",
        "co": "0.41",
        "o3": "23",
        "o3_8hr": "37",
        "pm10": "32",
        "pm2.5": "11",
        "no2": "8.8",
        "nox": "9.6",
        "no": "0.7",
        "wind_speed": "1",
        "wind_direc": "13",
        "publishtime": "2023/10/10 22:00:00",
        "co_8hr": "0.2",
        "pm2.5_avg": "12.1",
        "pm10_avg": "37",
        "so2_avg": "1",
        "longitude": "120.348742",
        "latitude": "23.757547",
        "siteid": "38"
    },
    {
        "sitename": "斗六",
        "county": "雲林縣",
        "aqi": "50",
        "pollutant": "",
        "status": "良好",
        "so2": "1.3",
        "co": "0.31",
        "o3": "23.8",
        "o3_8hr": "43.7",
        "pm10": "25",
        "pm2.5": "9",
        "no2": "9.4",
        "nox": "9.6",
        "no": "0.2",
        "wind_speed": "0.8",
        "wind_direc": "351",
        "publishtime": "2023/10/10 22:00:00",
        "co_8hr": "0.2",
        "pm2.5_avg": "15.4",
        "pm10_avg": "36",
        "so2_avg": "1",
        "longitude": "120.544994",
        "latitude": "23.711853",
        "siteid": "37"
    },
    {
        "sitename": "南投",
        "county": "南投縣",
        "aqi": "36",
        "pollutant": "",
        "status": "良好",
        "so2": "1.1",
        "co": "0.34",
        "o3": "16.2",
        "o3_8hr": "36.5",
        "pm10": "19",
        "pm2.5": "12",
        "no2": "14.3",
        "nox": "15.3",
        "no": "0.9",
        "wind_speed": "0.5",
        "wind_direc": "38",
        "publishtime": "2023/10/10 22:00:00",
        "co_8hr": "0.2",
        "pm2.5_avg": "11.1",
        "pm10_avg": "21",
        "so2_avg": "0",
        "longitude": "120.685306",
        "latitude": "23.913",
        "siteid": "36"
    },
    {
        "sitename": "二林",
        "county": "彰化縣",
        "aqi": "35",
        "pollutant": "",
        "status": "良好",
        "so2": "0.8",
        "co": "0.23",
        "o3": "30.8",
        "o3_8hr": "38.5",
        "pm10": "23",
        "pm2.5": "7",
        "no2": "5.7",
        "nox": "6.7",
        "no": "0.9",
        "wind_speed": "2.4",
        "wind_direc": "25",
        "publishtime": "2023/10/10 22:00:00",
        "co_8hr": "0.2",
        "pm2.5_avg": "9.2",
        "pm10_avg": "32",
        "so2_avg": "1",
        "longitude": "120.409653",
        "latitude": "23.925175",
        "siteid": "35"
    },
    {
        "sitename": "線西",
        "county": "彰化縣",
        "aqi": "35",
        "pollutant": "",
        "status": "良好",
        "so2": "0.9",
        "co": "0.19",
        "o3": "33.1",
        "o3_8hr": "38.6",
        "pm10": "13",
        "pm2.5": "0",
        "no2": "6.5",
        "nox": "7.3",
        "no": "0.7",
        "wind_speed": "4.1",
        "wind_direc": "40",
        "publishtime": "2023/10/10 22:00:00",
        "co_8hr": "0.2",
        "pm2.5_avg": "4.4",
        "pm10_avg": "28",
        "so2_avg": "1",
        "longitude": "120.469061",
        "latitude": "24.131672",
        "siteid": "34"
    },
    {
        "sitename": "彰化",
        "county": "彰化縣",
        "aqi": "35",
        "pollutant": "",
        "status": "良好",
        "so2": "0.8",
        "co": "0.28",
        "o3": "28.3",
        "o3_8hr": "38.3",
        "pm10": "14",
        "pm2.5": "8",
        "no2": "8.4",
        "nox": "9.3",
        "no": "0.9",
        "wind_speed": "1.9",
        "wind_direc": "2",
        "publishtime": "2023/10/10 22:00:00",
        "co_8hr": "0.2",
        "pm2.5_avg": "10.8",
        "pm10_avg": "20",
        "so2_avg": "0",
        "longitude": "120.541519",
        "latitude": "24.066",
        "siteid": "33"
    },
    {
        "sitename": "西屯",
        "county": "臺中市",
        "aqi": "35",
        "pollutant": "",
        "status": "良好",
        "so2": "1.3",
        "co": "0.21",
        "o3": "30.9",
        "o3_8hr": "38.6",
        "pm10": "13",
        "pm2.5": "7",
        "no2": "6.5",
        "nox": "8.2",
        "no": "1.6",
        "wind_speed": "3.6",
        "wind_direc": "359",
        "publishtime": "2023/10/10 22:00:00",
        "co_8hr": "0.2",
        "pm2.5_avg": "9.1",
        "pm10_avg": "16",
        "so2_avg": "0",
        "longitude": "120.616917",
        "latitude": "24.162197",
        "siteid": "32"
    },
    {
        "sitename": "忠明",
        "county": "臺中市",
        "aqi": "34",
        "pollutant": "",
        "status": "良好",
        "so2": "1.3",
        "co": "0.43",
        "o3": "20.8",
        "o3_8hr": "32.9",
        "pm10": "18",
        "pm2.5": "5",
        "no2": "14.5",
        "nox": "14.9",
        "no": "0.4",
        "wind_speed": "0.9",
        "wind_direc": "16",
        "publishtime": "2023/10/10 22:00:00",
        "co_8hr": "0.3",
        "pm2.5_avg": "10.5",
        "pm10_avg": "19",
        "so2_avg": "0",
        "longitude": "120.641092",
        "latitude": "24.151958",
        "siteid": "31"
    },
    {
        "sitename": "大里",
        "county": "臺中市",
        "aqi": "31",
        "pollutant": "",
        "status": "良好",
        "so2": "1.3",
        "co": "0.4",
        "o3": "19.9",
        "o3_8hr": "34.3",
        "pm10": "15",
        "pm2.5": "7",
        "no2": "12.5",
        "nox": "13.3",
        "no": "0.8",
        "wind_speed": "1.5",
        "wind_direc": "343",
        "publishtime": "2023/10/10 22:00:00",
        "co_8hr": "0.3",
        "pm2.5_avg": "7.2",
        "pm10_avg": "14",
        "so2_avg": "1",
        "longitude": "120.67844444",
        "latitude": "24.09961111",
        "siteid": "30"
    },
    {
        "sitename": "沙鹿",
        "county": "臺中市",
        "aqi": "37",
        "pollutant": "",
        "status": "良好",
        "so2": "0.7",
        "co": "0.19",
        "o3": "36.1",
        "o3_8hr": "40.8",
        "pm10": "9",
        "pm2.5": "2",
        "no2": "4.2",
        "nox": "5.1",
        "no": "0.8",
        "wind_speed": "3.8",
        "wind_direc": "340",
        "publishtime": "2023/10/10 22:00:00",
        "co_8hr": "0.2",
        "pm2.5_avg": "5.1",
        "pm10_avg": "17",
        "so2_avg": "0",
        "longitude": "120.568794",
        "latitude": "24.225628",
        "siteid": "29"
    },
    {
        "sitename": "豐原",
        "county": "臺中市",
        "aqi": "33",
        "pollutant": "",
        "status": "良好",
        "so2": "1.3",
        "co": "0.22",
        "o3": "24.6",
        "o3_8hr": "36",
        "pm10": "8",
        "pm2.5": "8",
        "no2": "4.5",
        "nox": "5",
        "no": "0.5",
        "wind_speed": "1.6",
        "wind_direc": "3",
        "publishtime": "2023/10/10 22:00:00",
        "co_8hr": "0.2",
        "pm2.5_avg": "7.2",
        "pm10_avg": "10",
        "so2_avg": "1",
        "longitude": "120.74252414",
        "latitude": "24.25699731",
        "siteid": "28"
    },
    {
        "sitename": "三義",
        "county": "苗栗縣",
        "aqi": "34",
        "pollutant": "",
        "status": "良好",
        "so2": "0.3",
        "co": "0.17",
        "o3": "33.4",
        "o3_8hr": "37.3",
        "pm10": "8",
        "pm2.5": "4",
        "no2": "2",
        "nox": "2",
        "no": "0",
        "wind_speed": "3.6",
        "wind_direc": "20",
        "publishtime": "2023/10/10 22:00:00",
        "co_8hr": "0.2",
        "pm2.5_avg": "4.8",
        "pm10_avg": "11",
        "so2_avg": "0",
        "longitude": "120.75956754",
        "latitude": "24.38248443",
        "siteid": "27"
    },
    {
        "sitename": "苗栗",
        "county": "苗栗縣",
        "aqi": "35",
        "pollutant": "",
        "status": "良好",
        "so2": "2",
        "co": "0.19",
        "o3": "40.3",
        "o3_8hr": "38.9",
        "pm10": "4",
        "pm2.5": "4",
        "no2": "2.9",
        "nox": "4.2",
        "no": "1.3",
        "wind_speed": "3.4",
        "wind_direc": "13",
        "publishtime": "2023/10/10 22:00:00",
        "co_8hr": "0.2",
        "pm2.5_avg": "4.4",
        "pm10_avg": "8",
        "so2_avg": "1",
        "longitude": "120.82011468",
        "latitude": "24.56499183",
        "siteid": "26"
    },
    {
        "sitename": "頭份",
        "county": "苗栗縣",
        "aqi": "37",
        "pollutant": "",
        "status": "良好",
        "so2": "1.6",
        "co": "0.22",
        "o3": "39.6",
        "o3_8hr": "40.4",
        "pm10": "15",
        "pm2.5": "6",
        "no2": "7.1",
        "nox": "8",
        "no": "0.9",
        "wind_speed": "2.4",
        "wind_direc": "59",
        "publishtime": "2023/10/10 22:00:00",
        "co_8hr": "0.2",
        "pm2.5_avg": "4.1",
        "pm10_avg": "15",
        "so2_avg": "1",
        "longitude": "120.89869286",
        "latitude": "24.69690679",
        "siteid": "25"
    },
    {
        "sitename": "新竹",
        "county": "新竹市",
        "aqi": "35",
        "pollutant": "",
        "status": "良好",
        "so2": "0.6",
        "co": "0.25",
        "o3": "37.8",
        "o3_8hr": "38.6",
        "pm10": "17",
        "pm2.5": "7",
        "no2": "9.3",
        "nox": "9.5",
        "no": "0.1",
        "wind_speed": "3.2",
        "wind_direc": "26",
        "publishtime": "2023/10/10 22:00:00",
        "co_8hr": "0.2",
        "pm2.5_avg": "6.5",
        "pm10_avg": "13",
        "so2_avg": "0",
        "longitude": "120.97236752",
        "latitude": "24.8056356",
        "siteid": "24"
    },
    {
        "sitename": "竹東",
        "county": "新竹縣",
        "aqi": "39",
        "pollutant": "",
        "status": "良好",
        "so2": "0.2",
        "co": "0.17",
        "o3": "45.3",
        "o3_8hr": "42",
        "pm10": "7",
        "pm2.5": "7",
        "no2": "1.9",
        "nox": "2.2",
        "no": "0.3",
        "wind_speed": "3.1",
        "wind_direc": "87",
        "publishtime": "2023/10/10 22:00:00",
        "co_8hr": "0.1",
        "pm2.5_avg": "3.1",
        "pm10_avg": "6",
        "so2_avg": "0",
        "longitude": "121.08895493",
        "latitude": "24.74091408",
        "siteid": "23"
    },
    {
        "sitename": "湖口",
        "county": "新竹縣",
        "aqi": "39",
        "pollutant": "",
        "status": "良好",
        "so2": "1",
        "co": "0.18",
        "o3": "44.2",
        "o3_8hr": "42.3",
        "pm10": "25",
        "pm2.5": "7",
        "no2": "2.5",
        "nox": "3.5",
        "no": "0.9",
        "wind_speed": "5.2",
        "wind_direc": "50",
        "publishtime": "2023/10/10 22:00:00",
        "co_8hr": "0.1",
        "pm2.5_avg": "9",
        "pm10_avg": "20",
        "so2_avg": "0",
        "longitude": "121.03886894",
        "latitude": "24.90009696",
        "siteid": "22"
    },
    {
        "sitename": "龍潭",
        "county": "桃園市",
        "aqi": "37",
        "pollutant": "",
        "status": "良好",
        "so2": "1.2",
        "co": "0.22",
        "o3": "41.9",
        "o3_8hr": "40.6",
        "pm10": "20",
        "pm2.5": "9",
        "no2": "5",
        "nox": "5.4",
        "no": "0.3",
        "wind_speed": "4.7",
        "wind_direc": "50",
        "publishtime": "2023/10/10 22:00:00",
        "co_8hr": "0.2",
        "pm2.5_avg": "3.9",
        "pm10_avg": "13",
        "so2_avg": "0",
        "longitude": "121.21645772",
        "latitude": "24.86400048",
        "siteid": "21"
    },
    {
        "sitename": "平鎮",
        "county": "桃園市",
        "aqi": "31",
        "pollutant": "",
        "status": "良好",
        "so2": "1",
        "co": "0.31",
        "o3": "38.5",
        "o3_8hr": "34.4",
        "pm10": "17",
        "pm2.5": "7",
        "no2": "8.9",
        "nox": "11.2",
        "no": "2.3",
        "wind_speed": "3.1",
        "wind_direc": "73",
        "publishtime": "2023/10/10 22:00:00",
        "co_8hr": "0.3",
        "pm2.5_avg": "5.3",
        "pm10_avg": "13",
        "so2_avg": "0",
        "longitude": "121.203986",
        "latitude": "24.952786",
        "siteid": "20"
    },
    {
        "sitename": "觀音",
        "county": "桃園市",
        "aqi": "41",
        "pollutant": "",
        "status": "良好",
        "so2": "1.7",
        "co": "0.23",
        "o3": "43.1",
        "o3_8hr": "44.1",
        "pm10": "26",
        "pm2.5": "11",
        "no2": "8.7",
        "nox": "9.6",
        "no": "0.8",
        "wind_speed": "6",
        "wind_direc": "62",
        "publishtime": "2023/10/10 22:00:00",
        "co_8hr": "0.1",
        "pm2.5_avg": "9.7",
        "pm10_avg": "28",
        "so2_avg": "1",
        "longitude": "121.08283092",
        "latitude": "25.03556747",
        "siteid": "19"
    },
    {
        "sitename": "大園",
        "county": "桃園市",
        "aqi": "38",
        "pollutant": "",
        "status": "良好",
        "so2": "2.8",
        "co": "0.22",
        "o3": "43.5",
        "o3_8hr": "41.9",
        "pm10": "20",
        "pm2.5": "6",
        "no2": "9.6",
        "nox": "10.6",
        "no": "0.9",
        "wind_speed": "3.1",
        "wind_direc": "49",
        "publishtime": "2023/10/10 22:00:00",
        "co_8hr": "0.2",
        "pm2.5_avg": "5.9",
        "pm10_avg": "20",
        "so2_avg": "1",
        "longitude": "121.20251473",
        "latitude": "25.06100357",
        "siteid": "18"
    },
    {
        "sitename": "桃園",
        "county": "桃園市",
        "aqi": "34",
        "pollutant": "",
        "status": "良好",
        "so2": "0.8",
        "co": "0.28",
        "o3": "40.7",
        "o3_8hr": "37.8",
        "pm10": "15",
        "pm2.5": "7",
        "no2": "7",
        "nox": "7.7",
        "no": "0.6",
        "wind_speed": "2.2",
        "wind_direc": "54",
        "publishtime": "2023/10/10 22:00:00",
        "co_8hr": "0.2",
        "pm2.5_avg": "6.5",
        "pm10_avg": "13",
        "so2_avg": "0",
        "longitude": "121.30500531",
        "latitude": "24.9947107",
        "siteid": "17"
    },
    {
        "sitename": "大同",
        "county": "臺北市",
        "aqi": "43",
        "pollutant": "",
        "status": "良好",
        "so2": "0.7",
        "co": "0.45",
        "o3": "31.3",
        "o3_8hr": "26.3",
        "pm10": "30",
        "pm2.5": "12",
        "no2": "17.8",
        "nox": "25.2",
        "no": "7.3",
        "wind_speed": "-",
        "wind_direc": "-",
        "publishtime": "2023/10/10 22:00:00",
        "co_8hr": "0.4",
        "pm2.5_avg": "13.2",
        "pm10_avg": "23",
        "so2_avg": "0",
        "longitude": "121.51342074",
        "latitude": "25.06331455",
        "siteid": "16"
    },
    {
        "sitename": "松山",
        "county": "臺北市",
        "aqi": "28",
        "pollutant": "",
        "status": "良好",
        "so2": "1.8",
        "co": "0.23",
        "o3": "37.8",
        "o3_8hr": "29.6",
        "pm10": "22",
        "pm2.5": "9",
        "no2": "11.9",
        "nox": "12.9",
        "no": "0.9",
        "wind_speed": "1.4",
        "wind_direc": "71",
        "publishtime": "2023/10/10 22:00:00",
        "co_8hr": "0.2",
        "pm2.5_avg": "8.5",
        "pm10_avg": "15",
        "so2_avg": "1",
        "longitude": "121.578611",
        "latitude": "25.05",
        "siteid": "15"
    },
    {
        "sitename": "古亭",
        "county": "臺北市",
        "aqi": "33",
        "pollutant": "",
        "status": "良好",
        "so2": "0.8",
        "co": "0.25",
        "o3": "38.9",
        "o3_8hr": "36.1",
        "pm10": "16",
        "pm2.5": "11",
        "no2": "10.4",
        "nox": "11",
        "no": "0.5",
        "wind_speed": "1.5",
        "wind_direc": "70",
        "publishtime": "2023/10/10 22:00:00",
        "co_8hr": "0.2",
        "pm2.5_avg": "9.3",
        "pm10_avg": "15",
        "so2_avg": "0",
        "longitude": "121.529556",
        "latitude": "25.020608",
        "siteid": "14"
    },
    {
        "sitename": "萬華",
        "county": "臺北市",
        "aqi": "32",
        "pollutant": "",
        "status": "良好",
        "so2": "1.1",
        "co": "0.28",
        "o3": "39.1",
        "o3_8hr": "35.6",
        "pm10": "24",
        "pm2.5": "11",
        "no2": "12.9",
        "nox": "13.8",
        "no": "0.8",
        "wind_speed": "2.1",
        "wind_direc": "90",
        "publishtime": "2023/10/10 22:00:00",
        "co_8hr": "0.2",
        "pm2.5_avg": "9.5",
        "pm10_avg": "19",
        "so2_avg": "0",
        "longitude": "121.507972",
        "latitude": "25.046503",
        "siteid": "13"
    },
    {
        "sitename": "中山",
        "county": "臺北市",
        "aqi": "31",
        "pollutant": "",
        "status": "良好",
        "so2": "0.5",
        "co": "0.32",
        "o3": "38.2",
        "o3_8hr": "34",
        "pm10": "20",
        "pm2.5": "10",
        "no2": "11.7",
        "nox": "13.1",
        "no": "1.3",
        "wind_speed": "2.2",
        "wind_direc": "109",
        "publishtime": "2023/10/10 22:00:00",
        "co_8hr": "0.3",
        "pm2.5_avg": "7.1",
        "pm10_avg": "17",
        "so2_avg": "0",
        "longitude": "121.526528",
        "latitude": "25.062361",
        "siteid": "12"
    },
    {
        "sitename": "士林",
        "county": "臺北市",
        "aqi": "39",
        "pollutant": "",
        "status": "良好",
        "so2": "0.4",
        "co": "0.2",
        "o3": "46.4",
        "o3_8hr": "42.3",
        "pm10": "8",
        "pm2.5": "6",
        "no2": "5.2",
        "nox": "6.3",
        "no": "1.1",
        "wind_speed": "2.5",
        "wind_direc": "154",
        "publishtime": "2023/10/10 22:00:00",
        "co_8hr": "0.2",
        "pm2.5_avg": "4",
        "pm10_avg": "4",
        "so2_avg": "0",
        "longitude": "121.51666356",
        "latitude": "25.10334003",
        "siteid": "11"
    },
    {
        "sitename": "淡水",
        "county": "新北市",
        "aqi": "41",
        "pollutant": "",
        "status": "良好",
        "so2": "1",
        "co": "0.21",
        "o3": "50.2",
        "o3_8hr": "44.7",
        "pm10": "15",
        "pm2.5": "8",
        "no2": "1.4",
        "nox": "1.8",
        "no": "0.3",
        "wind_speed": "",
        "wind_direc": "",
        "publishtime": "2023/10/10 22:00:00",
        "co_8hr": "0.2",
        "pm2.5_avg": "7.1",
        "pm10_avg": "14",
        "so2_avg": "1",
        "longitude": "121.449239",
        "latitude": "25.1645",
        "siteid": "10"
    },
    {
        "sitename": "林口",
        "county": "新北市",
        "aqi": "34",
        "pollutant": "",
        "status": "良好",
        "so2": "0.4",
        "co": "0.19",
        "o3": "40.9",
        "o3_8hr": "37.7",
        "pm10": "12",
        "pm2.5": "4",
        "no2": "3.7",
        "nox": "4.4",
        "no": "0.6",
        "wind_speed": "1.2",
        "wind_direc": "39",
        "publishtime": "2023/10/10 22:00:00",
        "co_8hr": "0.2",
        "pm2.5_avg": "4.8",
        "pm10_avg": "12",
        "so2_avg": "0",
        "longitude": "121.36548982",
        "latitude": "25.07798949",
        "siteid": "9"
    },
    {
        "sitename": "菜寮",
        "county": "新北市",
        "aqi": "36",
        "pollutant": "",
        "status": "良好",
        "so2": "0.8",
        "co": "0.28",
        "o3": "43.2",
        "o3_8hr": "39",
        "pm10": "20",
        "pm2.5": "5",
        "no2": "7.8",
        "nox": "8",
        "no": "0.2",
        "wind_speed": "2.9",
        "wind_direc": "80",
        "publishtime": "2023/10/10 22:00:00",
        "co_8hr": "0.2",
        "pm2.5_avg": "4.9",
        "pm10_avg": "13",
        "so2_avg": "0",
        "longitude": "121.481028",
        "latitude": "25.06895",
        "siteid": "8"
    },
    {
        "sitename": "新莊",
        "county": "新北市",
        "aqi": "37",
        "pollutant": "",
        "status": "良好",
        "so2": "0.3",
        "co": "0.24",
        "o3": "43.8",
        "o3_8hr": "40.2",
        "pm10": "17",
        "pm2.5": "10",
        "no2": "5.5",
        "nox": "6.3",
        "no": "0.8",
        "wind_speed": "2.5",
        "wind_direc": "90",
        "publishtime": "2023/10/10 22:00:00",
        "co_8hr": "0.2",
        "pm2.5_avg": "10.1",
        "pm10_avg": "15",
        "so2_avg": "0",
        "longitude": "121.4325",
        "latitude": "25.037972",
        "siteid": "7"
    },
    {
        "sitename": "板橋",
        "county": "新北市",
        "aqi": "33",
        "pollutant": "",
        "status": "良好",
        "so2": "1.6",
        "co": "0.3",
        "o3": "38.6",
        "o3_8hr": "35.3",
        "pm10": "21",
        "pm2.5": "13",
        "no2": "10.6",
        "nox": "11.4",
        "no": "0.7",
        "wind_speed": "2.1",
        "wind_direc": "89",
        "publishtime": "2023/10/10 22:00:00",
        "co_8hr": "0.3",
        "pm2.5_avg": "10.2",
        "pm10_avg": "16",
        "so2_avg": "0",
        "longitude": "121.458667",
        "latitude": "25.012972",
        "siteid": "6"
    },
    {
        "sitename": "土城",
        "county": "新北市",
        "aqi": "35",
        "pollutant": "",
        "status": "良好",
        "so2": "0.9",
        "co": "0.27",
        "o3": "41.8",
        "o3_8hr": "38.4",
        "pm10": "25",
        "pm2.5": "9",
        "no2": "6.5",
        "nox": "7",
        "no": "0.5",
        "wind_speed": "1.4",
        "wind_direc": "135",
        "publishtime": "2023/10/10 22:00:00",
        "co_8hr": "0.2",
        "pm2.5_avg": "8.7",
        "pm10_avg": "17",
        "so2_avg": "0",
        "longitude": "121.451861",
        "latitude": "24.982528",
        "siteid": "5"
    },
    {
        "sitename": "新店",
        "county": "新北市",
        "aqi": "34",
        "pollutant": "",
        "status": "良好",
        "so2": "0.7",
        "co": "0.26",
        "o3": "40.7",
        "o3_8hr": "37.5",
        "pm10": "9",
        "pm2.5": "5",
        "no2": "7.5",
        "nox": "8.3",
        "no": "0.7",
        "wind_speed": "1",
        "wind_direc": "32",
        "publishtime": "2023/10/10 22:00:00",
        "co_8hr": "0.2",
        "pm2.5_avg": "4.7",
        "pm10_avg": "10",
        "so2_avg": "0",
        "longitude": "121.537778",
        "latitude": "24.977222",
        "siteid": "4"
    },
    {
        "sitename": "萬里",
        "county": "新北市",
        "aqi": "47",
        "pollutant": "",
        "status": "良好",
        "so2": "1.3",
        "co": "0.21",
        "o3": "57.7",
        "o3_8hr": "51.8",
        "pm10": "59",
        "pm2.5": "9",
        "no2": "1.3",
        "nox": "1.6",
        "no": "0.3",
        "wind_speed": "5.2",
        "wind_direc": "46",
        "publishtime": "2023/10/10 22:00:00",
        "co_8hr": "0.1",
        "pm2.5_avg": "7",
        "pm10_avg": "44",
        "so2_avg": "1",
        "longitude": "121.689881",
        "latitude": "25.179667",
        "siteid": "3"
    },
    {
        "sitename": "汐止",
        "county": "新北市",
        "aqi": "33",
        "pollutant": "",
        "status": "良好",
        "so2": "0.6",
        "co": "0.22",
        "o3": "40",
        "o3_8hr": "36.5",
        "pm10": "19",
        "pm2.5": "9",
        "no2": "8.2",
        "nox": "9.1",
        "no": "0.9",
        "wind_speed": "1.5",
        "wind_direc": "28",
        "publishtime": "2023/10/10 22:00:00",
        "co_8hr": "0.2",
        "pm2.5_avg": "6.9",
        "pm10_avg": "14",
        "so2_avg": "0",
        "longitude": "121.64081",
        "latitude": "25.06624",
        "siteid": "2"
    },
    {
        "sitename": "基隆",
        "county": "基隆市",
        "aqi": "44",
        "pollutant": "",
        "status": "良好",
        "so2": "1",
        "co": "0.2",
        "o3": "52.7",
        "o3_8hr": "47.1",
        "pm10": "28",
        "pm2.5": "12",
        "no2": "1.9",
        "nox": "2.4",
        "no": "0.4",
        "wind_speed": "0.9",
        "wind_direc": "91",
        "publishtime": "2023/10/10 22:00:00",
        "co_8hr": "0.1",
        "pm2.5_avg": "8.7",
        "pm10_avg": "24",
        "so2_avg": "0",
        "longitude": "121.760056",
        "latitude": "25.129167",
        "siteid": "1"
    }
]
}