[
  {
    "cityName":"南投縣",
    "areaList":[
      {
        "areaId":"72",
        "city":"南投縣",
        "areaName":"埔里"
      },
      {
        "areaId":"69",
        "city":"南投縣",
        "areaName":"竹山"
      },
      {
        "areaId":"36",
        "city":"南投縣",
        "areaName":"南投"
      }
    ]
  },
  {
    "cityName":"嘉義市",
    "areaList":[
      {
        "areaId":"42",
        "city":"嘉義市",
        "areaName":"嘉義"
      }
    ]
  },
  {
    "cityName":"嘉義縣",
    "areaList":[
      {
        "areaId":"40",
        "city":"嘉義縣",
        "areaName":"朴子"
      },
      {
        "areaId":"39",
        "city":"嘉義縣",
        "areaName":"新港"
      }
    ]
  },
  {
    "cityName":"基隆市",
    "areaList":[
      {
        "areaId":"1",
        "city":"基隆市",
        "areaName":"基隆"
      }
    ]
  },
  {
    "cityName":"屏東縣",
    "areaList":[
      {
        "areaId":"313",
        "city":"屏東縣",
        "areaName":"屏東(枋山)"
      },
      {
        "areaId":"204",
        "city":"屏東縣",
        "areaName":"屏東(琉球)"
      },
      {
        "areaId":"61",
        "city":"屏東縣",
        "areaName":"恆春"
      },
      {
        "areaId":"60",
        "city":"屏東縣",
        "areaName":"潮州"
      },
      {
        "areaId":"59",
        "city":"屏東縣",
        "areaName":"屏東"
      }
    ]
  },
  {
    "cityName":"宜蘭縣",
    "areaList":[
      {
        "areaId":"66",
        "city":"宜蘭縣",
        "areaName":"冬山"
      },
      {
        "areaId":"65",
        "city":"宜蘭縣",
        "areaName":"宜蘭"
      }
    ]
  },
  {
    "cityName":"彰化縣",
    "areaList":[
      {
        "areaId":"201",
        "city":"彰化縣",
        "areaName":"彰化(員林)"
      },
      {
        "areaId":"85",
        "city":"彰化縣",
        "areaName":"大城"
      },
      {
        "areaId":"35",
        "city":"彰化縣",
        "areaName":"二林"
      },
      {
        "areaId":"34",
        "city":"彰化縣",
        "areaName":"線西"
      },
      {
        "areaId":"33",
        "city":"彰化縣",
        "areaName":"彰化"
      }
    ]
  },
  {
    "cityName":"新北市",
    "areaList":[
      {
        "areaId":"311",
        "city":"新北市",
        "areaName":"新北(樹林)"
      },
      {
        "areaId":"84",
        "city":"新北市",
        "areaName":"富貴角"
      },
      {
        "areaId":"70",
        "city":"新北市",
        "areaName":"永和"
      },
      {
        "areaId":"67",
        "city":"新北市",
        "areaName":"三重"
      },
      {
        "areaId":"10",
        "city":"新北市",
        "areaName":"淡水"
      },
      {
        "areaId":"9",
        "city":"新北市",
        "areaName":"林口"
      },
      {
        "areaId":"8",
        "city":"新北市",
        "areaName":"菜寮"
      },
      {
        "areaId":"7",
        "city":"新北市",
        "areaName":"新莊"
      },
      {
        "areaId":"6",
        "city":"新北市",
        "areaName":"板橋"
      },
      {
        "areaId":"5",
        "city":"新北市",
        "areaName":"土城"
      },
      {
        "areaId":"4",
        "city":"新北市",
        "areaName":"新店"
      },
      {
        "areaId":"3",
        "city":"新北市",
        "areaName":"萬里"
      },
      {
        "areaId":"2",
        "city":"新北市",
        "areaName":"汐止"
      }
    ]
  },
  {
    "cityName":"新竹市",
    "areaList":[
      {
        "areaId":"24",
        "city":"新竹市",
        "areaName":"新竹"
      }
    ]
  },
  {
    "cityName":"新竹縣",
    "areaList":[
      {
        "areaId":"23",
        "city":"新竹縣",
        "areaName":"竹東"
      },
      {
        "areaId":"22",
        "city":"新竹縣",
        "areaName":"湖口"
      }
    ]
  },
  {
    "cityName":"桃園市",
    "areaList":[
      {
        "areaId":"68",
        "city":"桃園市",
        "areaName":"中壢"
      },
      {
        "areaId":"21",
        "city":"桃園市",
        "areaName":"龍潭"
      },
      {
        "areaId":"20",
        "city":"桃園市",
        "areaName":"平鎮"
      },
      {
        "areaId":"19",
        "city":"桃園市",
        "areaName":"觀音"
      },
      {
        "areaId":"18",
        "city":"桃園市",
        "areaName":"大園"
      },
      {
        "areaId":"17",
        "city":"桃園市",
        "areaName":"桃園"
      }
    ]
  },
  {
    "cityName":"澎湖縣",
    "areaList":[
      {
        "areaId":"78",
        "city":"澎湖縣",
        "areaName":"馬公"
      }
    ]
  },
  {
    "cityName":"臺中市",
    "areaList":[
      {
        "areaId":"310",
        "city":"臺中市",
        "areaName":"臺中(大甲)"
      },
      {
        "areaId":"32",
        "city":"臺中市",
        "areaName":"西屯"
      },
      {
        "areaId":"31",
        "city":"臺中市",
        "areaName":"忠明"
      },
      {
        "areaId":"30",
        "city":"臺中市",
        "areaName":"大里"
      },
      {
        "areaId":"29",
        "city":"臺中市",
        "areaName":"沙鹿"
      },
      {
        "areaId":"28",
        "city":"臺中市",
        "areaName":"豐原"
      }
    ]
  },
  {
    "cityName":"臺北市",
    "areaList":[
      {
        "areaId":"64",
        "city":"臺北市",
        "areaName":"陽明"
      },
      {
        "areaId":"16",
        "city":"臺北市",
        "areaName":"大同"
      },
      {
        "areaId":"15",
        "city":"臺北市",
        "areaName":"松山"
      },
      {
        "areaId":"14",
        "city":"臺北市",
        "areaName":"古亭"
      },
      {
        "areaId":"13",
        "city":"臺北市",
        "areaName":"萬華"
      },
      {
        "areaId":"12",
        "city":"臺北市",
        "areaName":"中山"
      },
      {
        "areaId":"11",
        "city":"臺北市",
        "areaName":"士林"
      }
    ]
  },
  {
    "cityName":"臺南市",
    "areaList":[
      {
        "areaId":"203",
        "city":"臺南市",
        "areaName":"臺南(麻豆)"
      },
      {
        "areaId":"46",
        "city":"臺南市",
        "areaName":"臺南"
      },
      {
        "areaId":"45",
        "city":"臺南市",
        "areaName":"安南"
      },
      {
        "areaId":"44",
        "city":"臺南市",
        "areaName":"善化"
      },
      {
        "areaId":"43",
        "city":"臺南市",
        "areaName":"新營"
      }
    ]
  },
  {
    "cityName":"臺東縣",
    "areaList":[
      {
        "areaId":"80",
        "city":"臺東縣",
        "areaName":"關山"
      },
      {
        "areaId":"62",
        "city":"臺東縣",
        "areaName":"臺東"
      }
    ]
  },
  {
    "cityName":"苗栗縣",
    "areaList":[
      {
        "areaId":"27",
        "city":"苗栗縣",
        "areaName":"三義"
      },
      {
        "areaId":"26",
        "city":"苗栗縣",
        "areaName":"苗栗"
      },
      {
        "areaId":"25",
        "city":"苗栗縣",
        "areaName":"頭份"
      }
    ]
  },
  {
    "cityName":"花蓮縣",
    "areaList":[
      {
        "areaId":"63",
        "city":"花蓮縣",
        "areaName":"花蓮"
      }
    ]
  },
  {
    "cityName":"連江縣",
    "areaList":[
      {
        "areaId":"75",
        "city":"連江縣",
        "areaName":"馬祖"
      }
    ]
  },
  {
    "cityName":"金門縣",
    "areaList":[
      {
        "areaId":"77",
        "city":"金門縣",
        "areaName":"金門"
      }
    ]
  },
  {
    "cityName":"雲林縣",
    "areaList":[
      {
        "areaId":"83",
        "city":"雲林縣",
        "areaName":"麥寮"
      },
      {
        "areaId":"41",
        "city":"雲林縣",
        "areaName":"臺西"
      },
      {
        "areaId":"38",
        "city":"雲林縣",
        "areaName":"崙背"
      },
      {
        "areaId":"37",
        "city":"雲林縣",
        "areaName":"斗六"
      }
    ]
  },
  {
    "cityName":"高雄市",
    "areaList":[
      {
        "areaId":"202",
        "city":"高雄市",
        "areaName":"高雄(湖內)"
      },
      {
        "areaId":"71",
        "city":"高雄市",
        "areaName":"復興"
      },
      {
        "areaId":"58",
        "city":"高雄市",
        "areaName":"小港"
      },
      {
        "areaId":"57",
        "city":"高雄市",
        "areaName":"前鎮"
      },
      {
        "areaId":"56",
        "city":"高雄市",
        "areaName":"前金"
      },
      {
        "areaId":"54",
        "city":"高雄市",
        "areaName":"左營"
      },
      {
        "areaId":"53",
        "city":"高雄市",
        "areaName":"楠梓"
      },
      {
        "areaId":"52",
        "city":"高雄市",
        "areaName":"林園"
      },
      {
        "areaId":"51",
        "city":"高雄市",
        "areaName":"大寮"
      },
      {
        "areaId":"50",
        "city":"高雄市",
        "areaName":"鳳山"
      },
      {
        "areaId":"49",
        "city":"高雄市",
        "areaName":"仁武"
      },
      {
        "areaId":"48",
        "city":"高雄市",
        "areaName":"橋頭"
      },
      {
        "areaId":"47",
        "city":"高雄市",
        "areaName":"美濃"
      }
    ]
  }
]